DisNo.,Disaster Group,Disaster Type,Disaster Subtype,Country,ISO,Region,Subregion,Latitude,Longitude,Start Year,Start Month,Total Deaths,No. Affected,Total Affected,Total Damage ('000 US$)
2025-0303-ECU,Natural,Earthquake,Ground movement,Ecuador,ECU,Americas,Latin America and the Caribbean,1.084,-79.532,2025,4.0,,8241.0,8512.0,
2025-0750-AFG,Natural,Earthquake,Ground movement,Afghanistan,AFG,Asia,Southern Asia,34.519,70.734,2025,8.0,2200.0,1301000.0,1304600.0,180000.0
2026-0001-MEX,Natural,Earthquake,Ground movement,Mexico,MEX,Americas,Latin America and the Caribbean,16.875,-99.336,2026,1.0,1.0,15930.0,16152.0,
2010-0232-PHL,Natural,Flood,Riverine flood,Philippines,PHL,Asia,South-eastern Asia,6.78,125.3,2010,5.0,27.0,40000.0,40000.0,
2010-0416-IND,Natural,Flood,Riverine flood,India,IND,Asia,Southern Asia,26.235,92.25,2010,9.0,,30000.0,30000.0,
2026-0157-GRC,Natural,Earthquake,Ground movement,Greece,GRC,Europe,Southern Europe,39.72,20.71,2026,3.0,,420.0,420.0,
2026-0228-AFG,Natural,Earthquake,Ground movement,Afghanistan,AFG,Asia,Southern Asia,36.548,70.852,2026,4.0,12.0,165.0,194.0,
2020-0279-TUR,Natural,Earthquake,Ground movement,Türkiye,TUR,Asia,Western Asia,38.558,44.023,2020,6.0,,273.0,278.0,
2019-0664-COG,Natural,Flood,Flood (General),Congo,COG,Africa,Sub-Saharan Africa,-1.12,18.16,2019,12.0,,213000.0,213000.0,
2019-0647-PER,Natural,Flood,Flood (General),Peru,PER,Americas,Latin America and the Caribbean,-5.921,-76.979,2019,12.0,,900.0,900.0,
2020-0301-URY,Natural,Flood,Flash flood,Uruguay,URY,Americas,Latin America and the Caribbean,-33.103,-56.046,2020,6.0,,360.0,360.0,
2020-0302-TCD,Natural,Flood,Flood (General),Chad,TCD,Africa,Sub-Saharan Africa,9.628,18.085,2020,4.0,,2062.0,2062.0,
2019-0609-VEN,Natural,Flood,Flood (General),Venezuela (Bolivarian Republic of),VEN,Americas,Latin America and the Caribbean,9.772,-72.228,2019,10.0,6.0,2000.0,2000.0,
2021-0200-IDN,Natural,Earthquake,Ground movement,Indonesia,IDN,Asia,South-eastern Asia,-8.562,112.519,2021,4.0,9.0,5520.0,5979.0,
2019-0392-SDN,Natural,Flood,Flash flood,Sudan,SDN,Africa,Northern Africa,14.826,33.921,2019,7.0,78.0,346300.0,346300.0,
2020-0572-HRV,Natural,Earthquake,Ground movement,Croatia,HRV,Europe,Southern Europe,45.422,16.255,2020,12.0,8.0,149371.0,149407.0,6223400.0
2019-0377-IDN,Natural,Earthquake,Ground movement,Indonesia,IDN,Asia,South-eastern Asia,-7.282,104.791,2019,8.0,6.0,2100.0,2104.0,
2021-0003-IDN,Natural,Earthquake,Ground movement,Indonesia,IDN,Asia,South-eastern Asia,-2.976,118.901,2021,1.0,110.0,99827.0,100653.0,58700.0
2019-0289-JPN,Natural,Flood,Flood (General),Japan,JPN,Asia,Eastern Asia,32.591,130.866,2019,6.0,2.0,600.0,600.0,
2019-0232-ALB,Natural,Earthquake,Ground movement,Albania,ALB,Europe,Southern Europe,40.526,20.703,2019,6.0,,300.0,304.0,
2019-0216-TJK,Natural,Flood,Flash flood,Tajikistan,TJK,Asia,Central Asia,37.42,69.354,2019,6.0,4.0,6750.0,6750.0,
2021-0293-CHN,Natural,Earthquake,Ground movement,China,CHN,Asia,Eastern Asia,25.761,100.011,2021,5.0,3.0,39000.0,39028.0,516000.0
2019-0094-ZWE,Natural,Flood,Flash flood,Zimbabwe,ZWE,Africa,Sub-Saharan Africa,-19.041,30.804,2019,2.0,26.0,300.0,300.0,
2018-0383-IRN,Natural,Flood,Flash flood,Iran (Islamic Republic of),IRN,Asia,Southern Asia,35.606,52.429,2018,10.0,9.0,6990.0,7135.0,166000.0
2018-0361-ESP,Natural,Flood,Flood (General),Spain,ESP,Europe,Southern Europe,39.591,2.936,2018,10.0,13.0,200.0,200.0,150000.0
2018-0352-IDN,Natural,Earthquake,Tsunami,Indonesia,IDN,Asia,South-eastern Asia,-0.256,119.846,2018,9.0,4140.0,2000000.0,2000000.0,1450000.0
2021-0602-MEX,Natural,Earthquake,Ground movement,Mexico,MEX,Americas,Latin America and the Caribbean,16.982,-99.773,2021,9.0,3.0,21951.0,21951.0,200000.0
2018-0316-PNG,Natural,Earthquake,Ground movement,Papua New Guinea,PNG,Oceania,Melanesia,-6.331,142.599,2018,3.0,11.0,,,
2018-0315-MEX,Natural,Earthquake,Ground movement,Mexico,MEX,Americas,Latin America and the Caribbean,16.646,-97.653,2018,2.0,,3000.0,3004.0,
2021-0627-GRC,Natural,Earthquake,Ground movement,Greece,GRC,Europe,Southern Europe,35.252,25.26,2021,9.0,1.0,,2336.0,30000.0
2018-0190-JPN,Natural,Flood,Flood (General),Japan,JPN,Asia,Eastern Asia,35.65,137.895,2018,6.0,246.0,1500000.0,1500102.0,9500000.0
2018-0183-JPN,Natural,Earthquake,Ground movement,Japan,JPN,Asia,Eastern Asia,34.826,135.64,2018,6.0,5.0,20298.0,20715.0,3250000.0
2021-0720-IDN,Natural,Earthquake,Ground movement,Indonesia,IDN,Asia,South-eastern Asia,-8.356,115.458,2021,10.0,3.0,2620.0,4532.0,
2018-0164-MWI,Natural,Flood,Flood (General),Malawi,MWI,Africa,Sub-Saharan Africa,-11.158,34.02,2018,4.0,4.0,9113.0,9113.0,
2018-0157-GTM,Natural,Flood,Flash flood,Guatemala,GTM,Americas,Latin America and the Caribbean,15.88,-90.217,2018,5.0,2.0,76845.0,76845.0,
2018-0156-AFG,Natural,Flood,Flood (General),Afghanistan,AFG,Asia,Southern Asia,34.94,68.216,2018,5.0,72.0,4000.0,4000.0,
2018-0125-TZA,Natural,Flood,Flood (General),United Republic of Tanzania,TZA,Africa,Sub-Saharan Africa,-11.158,34.02,2018,4.0,15.0,15862.0,15873.0,
2018-0063-MYS,Natural,Flood,Flash flood,Malaysia,MYS,Asia,South-eastern Asia,3.133,3.659,2018,2.0,,4900.0,4900.0,
2018-0031-IDN,Natural,Earthquake,Ground movement,Indonesia,IDN,Asia,South-eastern Asia,-7.196,105.918,2018,1.0,1.0,13800.0,13811.0,80000.0
2022-0045-CHN,Natural,Earthquake,Ground movement,China,CHN,Asia,Eastern Asia,37.828,101.29,2022,1.0,,26490.0,26499.0,541000.0
2017-0491-SAU,Natural,Flood,Flood (General),Saudi Arabia,SAU,Asia,Western Asia,22.707,39.365,2017,11.0,4.0,481.0,481.0,
2017-0465-THA,Natural,Flood,Flood (General),Thailand,THA,Asia,South-eastern Asia,14.594,100.679,2017,10.0,9.0,605000.0,605000.0,1400.0
2022-0079-PER,Natural,Earthquake,Ground movement,Peru,PER,Americas,Latin America and the Caribbean,-4.466,-76.928,2022,2.0,,300.0,300.0,
2017-0451-KGZ,Natural,Earthquake,Ground movement,Kyrgyzstan,KGZ,Asia,Central Asia,39.494,71.444,2017,5.0,,5000.0,5000.0,
2017-0446-IRQ,Natural,Earthquake,Ground movement,Iraq,IRQ,Asia,Western Asia,34.911,45.959,2017,11.0,10.0,5500.0,5969.0,
2017-0444-GRC,Natural,Flood,Flash flood,Greece,GRC,Europe,Southern Europe,38.261,23.529,2017,11.0,23.0,6000.0,6024.0,
2022-0092-GTM,Natural,Earthquake,Ground movement,Guatemala,GTM,Americas,Latin America and the Caribbean,14.228,-91.343,2022,2.0,3.0,31300.0,31302.0,
2022-0153-JPN,Natural,Earthquake,Ground movement,Japan,JPN,Asia,Eastern Asia,37.702,141.587,2022,3.0,3.0,558.0,741.0,8800000.0
2022-0177-ECU,Natural,Earthquake,Ground movement,Ecuador,ECU,Americas,Latin America and the Caribbean,0.909,-79.589,2022,3.0,1.0,7802.0,7804.0,
2017-0384-CAF,Natural,Flood,Flood (General),Central African Republic,CAF,Africa,Sub-Saharan Africa,7.223,17.145,2017,8.0,,3500.0,3500.0,
2017-0320-FRA,Natural,Flood,Flash flood,France,FRA,Europe,Western Europe,45.486,3.338,2017,6.0,1.0,160.0,160.0,
2017-0382-MEX,Natural,Earthquake,Ground movement,Mexico,MEX,Americas,Latin America and the Caribbean,15.022,-93.899,2017,9.0,98.0,1200000.0,1200250.0,2300000.0
2017-0342-NPL,Natural,Flood,Flood (General),Nepal,NPL,Asia,Southern Asia,27.941,83.878,2017,8.0,176.0,1700000.0,1700134.0,595000.0
2017-0327-JPN,Natural,Storm,Tropical cyclone,Japan,JPN,Asia,Eastern Asia,33.2,134.0,2017,8.0,2.0,1338.0,1389.0,2000.0
2022-0411-CHN,Natural,Earthquake,Ground movement,China,CHN,Asia,Eastern Asia,33.373,101.887,2022,6.0,,780.0,784.0,
2017-0227-HND,Natural,Flood,Flood (General),Honduras,HND,Americas,Latin America and the Caribbean,15.581,-85.367,2017,1.0,7.0,400.0,400.0,
2017-0226-PHL,Natural,Flood,Flood (General),Philippines,PHL,Asia,South-eastern Asia,7.59,124.062,2017,2.0,13.0,334000.0,334000.0,
2017-0225-COL,Natural,Flood,Flood (General),Colombia,COL,Americas,Latin America and the Caribbean,1.691,-76.286,2017,1.0,,25646.0,25661.0,
2017-0224-MYS,Natural,Flood,Flood (General),Malaysia,MYS,Asia,South-eastern Asia,3.932,102.461,2017,1.0,,5481.0,5481.0,
2017-0195-URY,Natural,Flood,Riverine flood,Uruguay,URY,Americas,Latin America and the Caribbean,-31.888,-57.432,2017,5.0,,6639.0,6639.0,
2017-0222-NZL,Natural,Flood,Flood (General),New Zealand,NZL,Oceania,Australia and New Zealand,-38.204,176.79,2017,4.0,,2200.0,2200.0,71000.0
2017-0218-CHL,Natural,Flood,Flash flood,Chile,CHL,Americas,Latin America and the Caribbean,-27.122,-69.952,2017,5.0,2.0,3000.0,3000.0,
2017-0217-ZAF,Natural,Flood,Flood (General),South Africa,ZAF,Africa,Sub-Saharan Africa,-28.362,29.715,2017,5.0,3.0,200.0,200.0,
2017-0109-AGO,Natural,Flood,Flash flood,Angola,AGO,Africa,Sub-Saharan Africa,-8.718,13.656,2017,3.0,11.0,26500.0,30250.0,2000.0
2017-0096-IRN,Natural,Flood,Flash flood,Iran (Islamic Republic of),IRN,Asia,Southern Asia,37.704,46.169,2017,4.0,42.0,,,353000.0
2022-0567-CHN,Natural,Earthquake,Ground movement,China,CHN,Asia,Eastern Asia,29.726,102.279,2022,9.0,118.0,130000.0,130400.0,2300000.0
2016-0464-PER,Natural,Earthquake,Ground movement,Peru,PER,Americas,Latin America and the Caribbean,-15.321,-70.827,2016,12.0,1.0,200.0,257.0,
2022-0611-TWN,Natural,Earthquake,Ground movement,Taiwan (Province of China),TWN,Asia,Eastern Asia,23.119,121.422,2022,9.0,1.0,,140.0,50000.0
2022-0622-MEX,Natural,Earthquake,Ground movement,Mexico,MEX,Americas,Latin America and the Caribbean,18.247,-102.952,2022,9.0,3.0,18000.0,18005.0,
2017-0055-CHL,Natural,Flood,Flood (General),Chile,CHL,Americas,Latin America and the Caribbean,-30.939,-70.249,2017,2.0,3.0,1200.0,1200.0,2000.0
2017-0052-PER,Natural,Flood,Flood (General),Peru,PER,Americas,Latin America and the Caribbean,-5.251,-77.573,2017,2.0,1.0,12000.0,12000.0,
2022-0623-MEX,Natural,Earthquake,Ground movement,Mexico,MEX,Americas,Latin America and the Caribbean,18.497,-102.982,2022,9.0,2.0,15453.0,17886.0,25000.0
2017-0015-ITA,Natural,Earthquake,Ground movement,Italy,ITA,Europe,Southern Europe,42.601,13.227,2017,1.0,29.0,,11.0,18000.0
2022-0634-IRN,Natural,Earthquake,Ground movement,Iran (Islamic Republic of),IRN,Asia,Southern Asia,38.493,45.038,2022,10.0,,11288.0,12565.0,
2016-0458-IDN,Natural,Earthquake,Ground movement,Indonesia,IDN,Asia,South-eastern Asia,-8.194,117.814,2016,8.0,,3410.0,3410.0,
2016-0475-IDN,Natural,Earthquake,Ground movement,Indonesia,IDN,Asia,South-eastern Asia,5.281,96.108,2016,12.0,104.0,85161.0,86018.0,100000.0
2016-0424-MEX,Natural,Flood,Flash flood,Mexico,MEX,Americas,Latin America and the Caribbean,23.273,-99.793,2016,11.0,2.0,35000.0,35000.0,
2022-0808-USA,Natural,Earthquake,Ground movement,United States of America,USA,Americas,Northern America,40.525,124.423,2022,12.0,2.0,,12.0,250000.0
2023-0156-PAK,Natural,Earthquake,Ground movement,Pakistan,PAK,Asia,Southern Asia,36.519,70.946,2023,3.0,11.0,860.0,939.0,
2016-0335-MKD,Natural,Earthquake,Ground movement,North Macedonia,MKD,Europe,Southern Europe,42.009,21.49,2016,9.0,,,100.0,10000.0
2016-0334-GRC,Natural,Flood,Flash flood,Greece,GRC,Europe,Southern Europe,37.418,22.292,2016,9.0,4.0,200.0,200.0,56000.0
2016-0333-MEX,Natural,Flood,Flash flood,Mexico,MEX,Americas,Latin America and the Caribbean,23.672,-104.964,2016,9.0,5.0,3000.0,3000.0,25000.0
2016-0332-MEX,Natural,Flood,Flood (General),Mexico,MEX,Americas,Latin America and the Caribbean,17.071,-93.805,2016,9.0,13.0,6000.0,6000.0,
2016-0329-UGA,Natural,Earthquake,Ground movement,Uganda,UGA,Africa,Sub-Saharan Africa,-1.036,31.618,2016,9.0,4.0,,590.0,
2016-0329-TZA,Natural,Earthquake,Ground movement,United Republic of Tanzania,TZA,Africa,Sub-Saharan Africa,1.036,31.618,2016,9.0,17.0,139161.0,139601.0,458000.0
2023-0091-TUR,Natural,Earthquake,Ground movement,Türkiye,TUR,Asia,Western Asia,36.159,36.034,2023,2.0,6.0,,294.0,
2016-0248-MOZ,Natural,Flood,Flood (General),Mozambique,MOZ,Africa,Sub-Saharan Africa,-12.351,39.464,2016,1.0,16.0,6600.0,6600.0,
2016-0239-IND,Natural,Flood,Flash flood,India,IND,Asia,Southern Asia,27.068,93.95,2016,6.0,61.0,,,100000.0
2016-0131-AGO,Natural,Flood,Flash flood,Angola,AGO,Africa,Sub-Saharan Africa,-8.321,13.978,2016,4.0,23.0,3200.0,5600.0,
2016-0128-RUS,Natural,Flood,Flood (General),Russian Federation,RUS,Europe,Eastern Europe,61.967,59.803,2016,4.0,,3200.0,3200.0,2000.0
2023-0189-PNG,Natural,Earthquake,Ground movement,Papua New Guinea,PNG,Oceania,Melanesia,-4.326,143.159,2023,4.0,8.0,13635.0,16274.0,
2023-0237-TJK,Natural,Earthquake,Ground movement,Tajikistan,TJK,Asia,Central Asia,39.383,69.881,2023,3.0,,2202.0,2205.0,
2016-0095-CHN,Natural,Flood,Flash flood,China,CHN,Asia,Eastern Asia,24.704,113.991,2016,3.0,5.0,216000.0,219300.0,170000.0
2016-0043-TWN,Natural,Earthquake,Ground movement,Taiwan (Province of China),TWN,Asia,Eastern Asia,22.938,120.6,2016,2.0,117.0,,525.0,700000.0
2016-0032-ECU,Natural,Flood,Flash flood,Ecuador,ECU,Americas,Latin America and the Caribbean,-0.786,-79.701,2016,1.0,9.0,10000.0,10000.0,10000.0
2016-0019-IDN,Natural,Earthquake,Ground movement,Indonesia,IDN,Asia,South-eastern Asia,-3.863,127.229,2016,1.0,1.0,1150.0,1172.0,
2015-0498-URY,Natural,Flood,Flood (General),Uruguay,URY,Americas,Latin America and the Caribbean,-29.957,-53.572,2015,10.0,,10000.0,10000.0,
2015-0476-PAK,Natural,Earthquake,Ground movement,Pakistan,PAK,Asia,Southern Asia,36.5244,70.3676,2015,10.0,280.0,366945.0,502590.0,
2015-0476-IND,Natural,Earthquake,Ground movement,India,IND,Asia,Southern Asia,36.5244,70.3676,2015,10.0,,,10.0,
2015-0476-AFG,Natural,Earthquake,Ground movement,Afghanistan,AFG,Asia,Southern Asia,36.5244,70.3676,2015,10.0,115.0,,92725.0,
2015-0462-PHL,Natural,Storm,Tropical cyclone,Philippines,PHL,Asia,South-eastern Asia,16.691,121.24,2015,10.0,51.0,2898507.0,2898590.0,210985.0
2015-0459-USA,Natural,Storm,Tropical cyclone,United States of America,USA,Americas,Northern America,33.503,-80.493,2015,10.0,25.0,800.0,800.0,2000000.0
2015-0451-FRA,Natural,Flood,Flash flood,France,FRA,Europe,Western Europe,43.377,6.53,2015,10.0,20.0,,,924000.0
2015-0415-IDN,Natural,Earthquake,Ground movement,Indonesia,IDN,Asia,South-eastern Asia,-0.621,131.262,2015,9.0,,12185.0,12247.0,
2015-0368-NER,Natural,Flood,Riverine flood,Niger,NER,Africa,Sub-Saharan Africa,14.8417,2.5,2015,7.0,27.0,87037.0,87037.0,
2015-0363-URY,Natural,Flood,Riverine flood,Uruguay,URY,Americas,Latin America and the Caribbean,-32.6329,-55.7,2015,8.0,,2326.0,2326.0,
2015-0349-ARG,Natural,Flood,Riverine flood,Argentina,ARG,Americas,Latin America and the Caribbean,-35.1086,-59.81,2015,8.0,3.0,50000.0,50000.0,
2015-0317-IND,Natural,Flood,Riverine flood,India,IND,Asia,Southern Asia,26.2074,82.62,2015,7.0,293.0,13709887.0,13709887.0,
2023-0762-PHL,Natural,Earthquake,Ground movement,Philippines,PHL,Asia,South-eastern Asia,5.583,125.022,2023,11.0,11.0,99541.0,99578.0,25393.0
2015-0288-PAK,Natural,Flood,Flood (General),Pakistan,PAK,Asia,Southern Asia,35.0129,72.84,2015,6.0,10.0,,,
2015-0286-TJK,Natural,Flood,Riverine flood,Tajikistan,TJK,Asia,Central Asia,38.0626,73.11,2015,7.0,,5401.0,5401.0,
2015-0271-CHN,Natural,Earthquake,Ground movement,China,CHN,Asia,Eastern Asia,37.4593,78.1542,2015,7.0,4.0,3000.0,3048.0,3200.0
2015-0256-NZL,Natural,Flood,Riverine flood,New Zealand,NZL,Oceania,Australia and New Zealand,-39.8648,175.23,2015,6.0,,400.0,400.0,171000.0
2015-0249-IND,Natural,Flood,Riverine flood,India,IND,Asia,Southern Asia,21.8734,70.76,2015,6.0,81.0,9000.0,9000.0,604000.0
2015-0203-ROU,Natural,Flood,Flood (General),Romania,ROU,Europe,Eastern Europe,46.8147,22.86,2015,5.0,1.0,2000.0,2000.0,
2015-0106-CHL,Natural,Flood,Flash flood,Chile,CHL,Americas,Latin America and the Caribbean,-22.3617,-68.89,2015,3.0,178.0,164140.0,193881.0,1500000.0
2015-0091-AGO,Natural,Flood,Flash flood,Angola,AGO,Africa,Sub-Saharan Africa,-12.1145,13.88,2015,3.0,69.0,1000.0,1000.0,
2015-0078-CHN,Natural,Earthquake,Ground movement,China,CHN,Asia,Eastern Asia,44.133,85.568,2015,2.0,,8640.0,8640.0,14650.0
2015-0069-TZA,Natural,Storm,Hail,United Republic of Tanzania,TZA,Africa,Sub-Saharan Africa,-4.31417,33.75,2015,3.0,47.0,5000.0,5112.0,
2014-0532-BOL,Natural,Flood,Riverine flood,Bolivia (Plurinational State of),BOL,Americas,Latin America and the Caribbean,-16.4638,-63.77,2014,10.0,38.0,185120.0,185120.0,
2014-0465-JPN,Natural,Earthquake,Ground movement,Japan,JPN,Asia,Eastern Asia,36.6408,137.8875,2014,11.0,,2466.0,2657.0,2000.0
2014-0331-PHL,Natural,Volcanic activity,Volcanic activity (General),Philippines,PHL,Asia,South-eastern Asia,13.257,123.685,2014,9.0,,60545.0,60545.0,
2014-0318-USA,Natural,Earthquake,Ground movement,United States of America,USA,Americas,Northern America,38.2151667,-122.3123333,2014,8.0,1.0,3000.0,3250.0,700000.0
2014-0287-IRN,Natural,Earthquake,Ground movement,Iran (Islamic Republic of),IRN,Asia,Southern Asia,32.5827,47.7037,2014,8.0,,,12250.0,43000.0
2014-0258-COM,Natural,Earthquake,Ground movement,Comoros,COM,Africa,Sub-Saharan Africa,-12.228,44.3,2014,3.0,,10000.0,10000.0,
2014-0234-MEX,Natural,Earthquake,Ground movement,Mexico,MEX,Americas,Latin America and the Caribbean,14.724,-92.4614,2014,7.0,3.0,27000.0,27000.0,
2025-0018-ETH,Natural,Earthquake,Ground movement,Ethiopia,ETH,Africa,Sub-Saharan Africa,9.459,40.122,2025,1.0,2.0,99950.0,99952.0,
2014-0159-THA,Natural,Earthquake,Ground movement,Thailand,THA,Asia,South-eastern Asia,19.6557,99.6696,2014,5.0,1.0,17500.0,17523.0,62000.0
2025-0041-TWN,Natural,Earthquake,Ground movement,Taiwan (Province of China),TWN,Asia,Eastern Asia,23.234,120.475,2025,1.0,,,27.0,1300000.0
2014-0142-PRY,Natural,Flood,Riverine flood,Paraguay,PRY,Americas,Latin America and the Caribbean,-25.2205,-57.58,2014,2.0,,2000.0,2000.0,
2014-0139-ARG,Natural,Flood,Riverine flood,Argentina,ARG,Americas,Latin America and the Caribbean,-38.3652,-70.3,2014,4.0,,2000.0,2000.0,
2014-0128-BGR,Natural,Flood,Riverine flood,Bulgaria,BGR,Europe,Eastern Europe,44.0617,24.49,2014,4.0,,,,
2014-0123-KAZ,Natural,Flood,Flash flood,Kazakhstan,KAZ,Asia,Central Asia,48.4049,65.59,2014,3.0,5.0,2700.0,2709.0,
2014-0119-TZA,Natural,Flood,Riverine flood,United Republic of Tanzania,TZA,Africa,Sub-Saharan Africa,7.19301,38.97,2014,4.0,28.0,20000.0,20000.0,
2014-0097-MHL,Natural,Flood,Coastal flood,Marshall Islands,MHL,Oceania,Micronesia,7.30951,168.73,2014,3.0,,360.0,360.0,
2014-0091-SLB,Natural,Flood,Flash flood,Solomon Islands,SLB,Oceania,Melanesia,-9.678,160.34,2014,4.0,47.0,52000.0,52000.0,24000.0
2014-0064-IDN,Natural,Volcanic activity,Ash fall,Indonesia,IDN,Asia,South-eastern Asia,-7.93,112.308,2014,2.0,7.0,83088.0,83158.0,103000.0
2025-0223-MMR,Natural,Earthquake,Ground movement,Myanmar,MMR,Asia,South-eastern Asia,21.996,95.926,2025,3.0,3820.0,1350000.0,1355104.0,11000000.0
2013-0563-CHN,Natural,Earthquake,Ground movement,China,CHN,Asia,Eastern Asia,25.953,99.782,2013,4.0,,80545.0,80555.0,38000.0
2013-0561-TWN,Natural,Earthquake,Ground movement,Taiwan (Province of China),TWN,Asia,Eastern Asia,23.828,121.215,2013,3.0,1.0,,97.0,1000.0
2013-0542-IDN,Natural,Volcanic activity,Ash fall,Indonesia,IDN,Asia,South-eastern Asia,3.17,98.392,2013,9.0,,29727.0,29727.0,
2013-0535-MYS,Natural,Flood,Riverine flood,Malaysia,MYS,Asia,South-eastern Asia,3.58444,102.36,2013,12.0,4.0,75000.0,75000.0,2000.0
2013-0534-NER,Natural,Flood,Riverine flood,Niger,NER,Africa,Sub-Saharan Africa,15.0103,13.2,2013,11.0,,15086.0,15086.0,
2013-0443-VNM,Natural,Flood,Riverine flood,Viet Nam,VNM,Asia,South-eastern Asia,15.58,107.7,2013,11.0,47.0,2127865.0,2130001.0,72000.0
2013-0380-KHM,Natural,Flood,Riverine flood,Cambodia,KHM,Asia,South-eastern Asia,12.658,105.084,2013,9.0,200.0,1500000.0,1500000.0,500000.0
2012-0537-LKA,Natural,Flood,Riverine flood,Sri Lanka,LKA,Asia,Southern Asia,7.976,80.77,2012,12.0,53.0,447000.0,447021.0,1200.0
2013-0282-IND,Natural,Flood,Flood (General),India,IND,Asia,Southern Asia,27.387,94.92,2013,6.0,80.0,2000000.0,2000000.0,
2013-0280-SDN,Natural,Flood,Riverine flood,Sudan,SDN,Africa,Northern Africa,13.6883,28.99,2013,8.0,76.0,500000.0,500133.0,7000.0
2025-0619-JPN,Natural,Earthquake,Tsunami,Japan,JPN,Asia,Eastern Asia,52.498,160.264,2025,7.0,1.0,,11.0,
2013-0273-CHN,Natural,Flood,Riverine flood,China,CHN,Asia,Eastern Asia,35.9161,100.18,2013,8.0,43.0,255000.0,255000.0,457000.0
2025-0621-GTM,Natural,Earthquake,Ground movement,Guatemala,GTM,Americas,Latin America and the Caribbean,14.055,-89.883,2025,7.0,9.0,14541.0,14550.0,
2013-0268-NZL,Natural,Earthquake,Ground movement,New Zealand,NZL,Oceania,Australia and New Zealand,-41.704,174.337,2013,7.0,,13836.0,13840.0,50000.0
2013-0243-PRK,Natural,Flood,Riverine flood,Democratic People's Republic of Korea,PRK,Asia,Eastern Asia,39.6151,126.32,2013,7.0,51.0,800000.0,848690.0,
2013-0200-CHN,Natural,Flood,Riverine flood,China,CHN,Asia,Eastern Asia,23.6387,114.46,2013,5.0,55.0,300000.0,300000.0,661000.0
2013-0151-AFG,Natural,Earthquake,Ground movement,Afghanistan,AFG,Asia,Southern Asia,34.526,70.22,2013,4.0,18.0,3390.0,3531.0,
2013-0127-JPN,Natural,Earthquake,Ground movement,Japan,JPN,Asia,Eastern Asia,34.369,134.828,2013,4.0,,8406.0,8438.0,
2013-0116-CHN,Natural,Earthquake,Ground movement,China,CHN,Asia,Eastern Asia,30.308,102.888,2013,4.0,198.0,2184000.0,2198785.0,6800000.0
2025-0882-IDN,Natural,Earthquake,Ground movement,Indonesia,IDN,Asia,South-eastern Asia,-2.168,138.938,2025,10.0,,250.0,250.0,
2013-0040-PSE,Natural,Flood,Riverine flood,State of Palestine,PSE,Asia,Western Asia,32.83,36.45,2013,1.0,5.0,12500.0,12500.0,
2013-0034-IDN,Natural,Flood,Riverine flood,Indonesia,IDN,Asia,South-eastern Asia,-0.86702,121.88,2013,1.0,8.0,1000.0,1000.0,
2013-0011-MOZ,Natural,Flood,Riverine flood,Mozambique,MOZ,Africa,Sub-Saharan Africa,-24.8006,32.68,2013,1.0,119.0,240000.0,240000.0,30000.0
2002-0107-IRN,Natural,Earthquake,Ground movement,Iran (Islamic Republic of),IRN,Asia,Southern Asia,28.093,51.755,2002,2.0,1.0,750.0,780.0,
2025-0978-BGD,Natural,Earthquake,Ground movement,Bangladesh,BGD,Asia,Southern Asia,23.808,90.649,2025,11.0,10.0,,507.0,
2012-0593-ARG,Natural,Flood,Riverine flood,Argentina,ARG,Americas,Latin America and the Caribbean,-27.5,-59.63,2012,11.0,6.0,10000.0,10000.0,
2012-0545-AZE,Natural,Earthquake,Ground movement,Azerbaijan,AZE,Asia,Western Asia,41.439,46.789,2012,5.0,,,6949.0,
2012-0502-IRN,Natural,Earthquake,Ground movement,Iran (Islamic Republic of),IRN,Asia,Southern Asia,33.506,59.571,2012,12.0,6.0,5500.0,5523.0,
2000-0272-TUR,Natural,Earthquake,Ground movement,Türkiye,TUR,Asia,Western Asia,38.164,38.777,2000,5.0,1.0,1000.0,1000.0,
2012-0469-ZAF,Natural,Flood,Riverine flood,South Africa,ZAF,Africa,Sub-Saharan Africa,-32.93,26.56,2012,10.0,13.0,125000.0,125000.0,200000.0
2012-0444-RUS,Natural,Flood,Riverine flood,Russian Federation,RUS,Europe,Eastern Europe,42.33,47.59,2012,10.0,7.0,1120.0,1120.0,
2012-0417-MMR,Natural,Earthquake,Ground movement,Myanmar,MMR,Asia,South-eastern Asia,23.005,95.885,2012,11.0,38.0,1255.0,1486.0,1170.0
2012-0375-THA,Natural,Flood,Riverine flood,Thailand,THA,Asia,South-eastern Asia,17.09,99.64,2012,8.0,,235545.0,235545.0,
2012-0350-CHN,Natural,Earthquake,Ground movement,China,CHN,Asia,Eastern Asia,27.575,103.983,2012,9.0,81.0,744000.0,744821.0,1000000.0
2012-0334-IND,Natural,Flood,Riverine flood,India,IND,Asia,Southern Asia,30.1135,78.85,2012,8.0,30.0,1200.0,1200.0,110000.0
2012-0313-HTI,Natural,Storm,Tropical cyclone,Haiti,HTI,Americas,Latin America and the Caribbean,19.1356,-72.28,2012,8.0,13.0,8000.0,8007.0,
2020-0157-UZB,Natural,Flood,Flood (General),Uzbekistan,UZB,Asia,Central Asia,41.245,55.844,2020,5.0,4.0,70000.0,70060.0,
2020-0164-KEN,Natural,Flood,Flood (General),Kenya,KEN,Africa,Sub-Saharan Africa,1.163,36.593,2020,4.0,285.0,810655.0,810655.0,10000.0
2020-0213-UGA,Natural,Flood,Riverine flood,Uganda,UGA,Africa,Sub-Saharan Africa,0.013,31.026,2020,5.0,11.0,25000.0,25000.0,
2002-0175-AFG,Natural,Earthquake,Ground movement,Afghanistan,AFG,Asia,Southern Asia,36.062,69.315,2002,3.0,1000.0,80000.0,91228.0,
2023-0156-AFG,Natural,Earthquake,Ground movement,Afghanistan,AFG,Asia,Southern Asia,36.519,70.946,2023,3.0,5.0,3265.0,3345.0,
2025-0479-COL,Natural,Earthquake,Ground movement,Colombia,COL,Americas,Latin America and the Caribbean,4.49,-73.139,2025,6.0,,1080.0,1651.0,
2025-0439-PER,Natural,Earthquake,Ground movement,Peru,PER,Americas,Latin America and the Caribbean,-12.166,-77.442,2025,6.0,2.0,492.0,639.0,
2025-0223-CHN,Natural,Earthquake,Ground movement,China,CHN,Asia,Eastern Asia,21.996,95.926,2025,3.0,,2840.0,2842.0,
2025-0004-CHN,Natural,Earthquake,Ground movement,China,CHN,Asia,Eastern Asia,28.573,87.375,2025,1.0,126.0,46500.0,46688.0,1250000.0
2024-0848-CUB,Natural,Earthquake,Ground movement,Cuba,CUB,Americas,Latin America and the Caribbean,19.812,-77.039,2024,11.0,,6000.0,6007.0,
2024-0751-TUR,Natural,Earthquake,Ground movement,Türkiye,TUR,Asia,Western Asia,38.309,38.826,2024,10.0,,1605.0,1717.0,
2024-0392-IRN,Natural,Earthquake,Ground movement,Iran (Islamic Republic of),IRN,Asia,Southern Asia,35.261,58.458,2024,6.0,4.0,,120.0,
2024-0189-TWN,Natural,Earthquake,Ground movement,Taiwan (Province of China),TWN,Asia,Eastern Asia,23.819,121.562,2024,4.0,20.0,891.0,2369.0,2530000.0
2024-0154-IDN,Natural,Earthquake,Ground movement,Indonesia,IDN,Asia,South-eastern Asia,-5.867,112.362,2024,3.0,,144520.0,144522.0,40000.0
2024-0035-CHN,Natural,Earthquake,Ground movement,China,CHN,Asia,Eastern Asia,41.219,78.724,2024,1.0,6.0,12426.0,12572.0,430000.0
2023-0791-PHL,Natural,Earthquake,Ground movement,Philippines,PHL,Asia,South-eastern Asia,8.527,126.449,2023,12.0,3.0,720997.0,721076.0,22712.0
2023-0739-PHL,Natural,Earthquake,Ground movement,Philippines,PHL,Asia,South-eastern Asia,19.236,21.229,2023,9.0,,175.0,180.0,
2023-0722-NPL,Natural,Earthquake,Ground movement,Nepal,NPL,Asia,Southern Asia,28.848,82.18,2023,11.0,154.0,300000.0,300366.0,100000.0
2023-0660-AFG,Natural,Earthquake,Ground movement,Afghanistan,AFG,Asia,Southern Asia,34.53,62.048,2023,10.0,1.0,,140.0,
2002-0655-CHN,Natural,Earthquake,Ground movement,China,CHN,Asia,Eastern Asia,30.916,99.927,2002,8.0,,330.0,378.0,
2002-0577-PNG,Natural,Earthquake,Ground movement,Papua New Guinea,PNG,Oceania,Melanesia,-3.302,142.945,2002,9.0,4.0,4400.0,4470.0,
2002-0654-TZA,Natural,Earthquake,Ground movement,United Republic of Tanzania,TZA,Africa,Sub-Saharan Africa,-2.907,33.733,2002,5.0,2.0,,2000.0,
2002-0822-IDN,Natural,Earthquake,Ground movement,Indonesia,IDN,Asia,South-eastern Asia,2.824,96.085,2002,11.0,3.0,,60.0,
2003-0236-AFG,Natural,Earthquake,Ground movement,Afghanistan,AFG,Asia,Southern Asia,35.893,70.62,2003,4.0,1.0,,1001.0,
2003-0259-KAZ,Natural,Earthquake,Ground movement,Kazakhstan,KAZ,Asia,Central Asia,42.946,72.764,2003,5.0,3.0,36000.0,36626.0,
2003-0497-RUS,Natural,Earthquake,Ground movement,Russian Federation,RUS,Europe,Eastern Europe,50.038,87.813,2003,9.0,3.0,,1805.0,10600.0
2003-0546-CHN,Natural,Earthquake,Ground movement,China,CHN,Asia,Eastern Asia,34.712,103.834,2003,11.0,1.0,18243.0,23369.0,
2003-0547-CHN,Natural,Earthquake,Ground movement,China,CHN,Asia,Eastern Asia,27.372,103.971,2003,11.0,4.0,490000.0,493065.0,
2003-0628-CRI,Natural,Earthquake,Ground movement,Costa Rica,CRI,Americas,Latin America and the Caribbean,8.416,-82.824,2003,12.0,2.0,60.0,135.0,
2004-0088-IDN,Natural,Earthquake,Ground movement,Indonesia,IDN,Asia,South-eastern Asia,-0.466,100.655,2004,2.0,5.0,500.0,507.0,
2004-0127-TUR,Natural,Earthquake,Ground movement,Türkiye,TUR,Asia,Western Asia,39.93,40.812,2004,3.0,9.0,4000.0,4030.0,
2000-0051-IRN,Natural,Earthquake,Ground movement,Iran (Islamic Republic of),IRN,Asia,Southern Asia,35.288,58.218,2000,2.0,1.0,1500.0,2015.0,
2004-0426-COL,Natural,Earthquake,Ground movement,Colombia,COL,Americas,Latin America and the Caribbean,2.265,-76.595,2004,8.0,1.0,,502.0,
2004-0562-IDN,Natural,Earthquake,Ground movement,Indonesia,IDN,Asia,South-eastern Asia,-8.152,124.868,2004,11.0,33.0,83070.0,83381.0,
2004-0582-DMA,Natural,Earthquake,Ground movement,Dominica,DMA,Americas,Latin America and the Caribbean,15.679,-61.706,2004,11.0,,100.0,100.0,
2004-0582-GLP,Natural,Earthquake,Ground movement,Guadeloupe,GLP,Americas,Latin America and the Caribbean,15.679,-61.706,2004,11.0,1.0,100.0,153.0,
2004-0659-IDN,Natural,Earthquake,Tsunami,Indonesia,IDN,Asia,South-eastern Asia,3.295,95.982,2004,12.0,165708.0,,532898.0,4451600.0
2004-0659-TZA,Natural,Earthquake,Tsunami,United Republic of Tanzania,TZA,Africa,Sub-Saharan Africa,3.295,95.982,2004,12.0,10.0,,,
2004-0669-DEU,Natural,Earthquake,Ground movement,Germany,DEU,Europe,Western Europe,48.115,8.077,2004,12.0,,150.0,150.0,12000.0
2004-0670-SVN,Natural,Earthquake,Ground movement,Slovenia,SVN,Europe,Southern Europe,46.296,13.641,2004,7.0,1.0,600.0,605.0,10000.0
2004-0680-CHN,Natural,Earthquake,Ground movement,China,CHN,Asia,Eastern Asia,37.506,96.758,2004,5.0,,,4199.0,
2005-0092-IRN,Natural,Earthquake,Ground movement,Iran (Islamic Republic of),IRN,Asia,Southern Asia,30.754,56.816,2005,2.0,612.0,93355.0,94766.0,80000.0
2005-0160-IDN,Natural,Earthquake,Ground movement,Indonesia,IDN,Asia,South-eastern Asia,2.085,97.108,2005,3.0,915.0,104167.0,105313.0,
2005-0321-CHL,Natural,Earthquake,Ground movement,Chile,CHL,Americas,Latin America and the Caribbean,-19.987,-69.197,2005,6.0,11.0,27463.0,27645.0,5000.0
2005-0328-PNG,Natural,Earthquake,Ground movement,Papua New Guinea,PNG,Oceania,Melanesia,-6.319,146.846,2005,6.0,1.0,,200.0,
2005-0686-AFG,Natural,Earthquake,Ground movement,Afghanistan,AFG,Asia,Southern Asia,36.357,71.093,2005,12.0,5.0,500.0,501.0,
2005-0740-CHN,Natural,Earthquake,Ground movement,China,CHN,Asia,Eastern Asia,26.569,103.036,2005,8.0,,18500.0,18509.0,
2005-0731-COL,Natural,Volcanic activity,Ash fall,Colombia,COL,Americas,Latin America and the Caribbean,1.22,-77.37,2005,11.0,,,,
2006-0041-GUY,Natural,Flood,Riverine flood,Guyana,GUY,Americas,Latin America and the Caribbean,6.89,-58.66,2006,1.0,,35000.0,35000.0,169000.0
2006-0082-PNG,Natural,Flood,Riverine flood,Papua New Guinea,PNG,Oceania,Melanesia,-9.07,147.28,2006,2.0,1.0,,12000.0,
2006-0099-IDN,Natural,Flood,Flash flood,Indonesia,IDN,Asia,South-eastern Asia,1.07,124.66,2006,2.0,39.0,17500.0,17539.0,25000.0
2006-0100-MOZ,Natural,Earthquake,Ground movement,Mozambique,MOZ,Africa,Sub-Saharan Africa,-21.324,33.583,2006,2.0,4.0,,1476.0,
2006-0108-NAM,Natural,Flood,Riverine flood,Namibia,NAM,Africa,Sub-Saharan Africa,-24.53,17.98,2006,2.0,5.0,2100.0,2100.0,8490.0
2006-0109-SCG,Natural,Flood,Riverine flood,Serbia Montenegro,SCG,Europe,Southern Europe,42.6,20.83,2006,2.0,,1200.0,1200.0,
2006-0113-MYS,Natural,Flood,Riverine flood,Malaysia,MYS,Asia,South-eastern Asia,4.33,102.54,2006,2.0,,4906.0,4906.0,
2006-0149-DZA,Natural,Earthquake,Ground movement,Algeria,DZA,Africa,Northern Africa,36.623,5.328,2006,3.0,4.0,160.0,319.0,
2006-0172-COD,Natural,Flood,Riverine flood,Democratic Republic of the Congo,COD,Africa,Sub-Saharan Africa,-4.36,16.17,2006,4.0,1.0,5500.0,5500.0,
2006-0207-IND,Natural,Flood,Flash flood,India,IND,Asia,Southern Asia,17.43,82.81,2006,4.0,20.0,,,
2006-0221-AFG,Natural,Flood,Flash flood,Afghanistan,AFG,Asia,Southern Asia,35.67,66.83,2006,4.0,19.0,5000.0,5025.0,
2006-0222-PNG,Natural,Mass movement (wet),Mudslide,Papua New Guinea,PNG,Oceania,Melanesia,-6.16,143.7,2006,4.0,1.0,300.0,300.0,
2006-0231-IDN,Natural,Earthquake,Tsunami,Indonesia,IDN,Asia,South-eastern Asia,-3.595,127.214,2006,3.0,3.0,1200.0,1202.0,
2006-0255-TZA,Natural,Flood,Riverine flood,United Republic of Tanzania,TZA,Africa,Sub-Saharan Africa,-3.33,37.22,2006,5.0,,,19000.0,
2006-0261-CAN,Natural,Flood,Riverine flood,Canada,CAN,Americas,Northern America,67.93,-99.99,2006,5.0,,300.0,300.0,
2006-0262-IND,Natural,Flood,Riverine flood,India,IND,Asia,Southern Asia,26.6,94.02,2006,5.0,21.0,504000.0,504000.0,
2006-0267-MAR,Natural,Flood,Riverine flood,Morocco,MAR,Africa,Northern Africa,32.15,-4.05,2006,5.0,6.0,1100.0,1100.0,
2006-0268-BDI,Natural,Flood,Riverine flood,Burundi,BDI,Africa,Sub-Saharan Africa,-3.86,29.67,2006,5.0,1.0,5000.0,5000.0,
2006-0333-UKR,Natural,Flood,Riverine flood,Ukraine,UKR,Europe,Eastern Europe,45.09,34.62,2006,7.0,2.0,5000.0,5000.0,23855.0
2006-0342-NPL,Natural,Flood,Riverine flood,Nepal,NPL,Asia,Southern Asia,25.62,83.67,2006,6.0,,,,
2006-0365-PAK,Natural,Flood,Riverine flood,Pakistan,PAK,Asia,Southern Asia,33.06,69.95,2006,7.0,13.0,,300.0,
2006-0372-IDN,Natural,Earthquake,Tsunami,Indonesia,IDN,Asia,South-eastern Asia,-9.284,107.419,2006,7.0,802.0,35000.0,35543.0,55000.0
2006-0373-ECU,Natural,Volcanic activity,Ash fall,Ecuador,ECU,Americas,Latin America and the Caribbean,-1.467,-78.442,2006,7.0,5.0,300000.0,300013.0,150000.0
2006-0388-CHN,Natural,Storm,Tropical cyclone,China,CHN,Asia,Eastern Asia,26.39,117.28,2006,7.0,109.0,6531000.0,6531000.0,367000.0
2006-0388-TWN,Natural,Storm,Tropical cyclone,Taiwan (Province of China),TWN,Asia,Eastern Asia,26.39,117.28,2006,7.0,,800.0,800.0,
2006-0393-NGA,Natural,Flood,Riverine flood,Nigeria,NGA,Africa,Sub-Saharan Africa,6.94,6.35,2006,7.0,,2000.0,2000.0,
2006-0397-CHN,Natural,Earthquake,Ground movement,China,CHN,Asia,Eastern Asia,27.995,104.138,2006,7.0,22.0,190000.0,265106.0,
2006-0410-PHL,Natural,Storm,Tropical cyclone,Philippines,PHL,Asia,South-eastern Asia,21.11,110.11,2006,8.0,6.0,15000.0,15000.0,135000.0
2006-0413-MEX,Natural,Flood,Riverine flood,Mexico,MEX,Americas,Latin America and the Caribbean,31.76,-106.39,2006,7.0,,,,
2006-0413-USA,Natural,Flood,Riverine flood,United States of America,USA,Americas,Northern America,31.76,-106.39,2006,7.0,,,,100000.0
2006-0415-PHL,Natural,Storm,Tropical cyclone,Philippines,PHL,Asia,South-eastern Asia,15.86,120.74,2006,6.0,8.0,476027.0,476027.0,645.0
2006-0422-ETH,Natural,Flood,Flash flood,Ethiopia,ETH,Africa,Sub-Saharan Africa,9.67,42.19,2006,8.0,498.0,10000.0,10096.0,3200.0
2006-0586-CHN,Natural,Earthquake,Ground movement,China,CHN,Asia,Eastern Asia,31.56,113.21,2006,10.0,,20000.0,20000.0,
2006-0445-MRT,Natural,Flood,Flash flood,Mauritania,MRT,Africa,Sub-Saharan Africa,14.42,-1.02,2006,8.0,,,9000.0,
2006-0446-VNM,Natural,Flood,Riverine flood,Viet Nam,VNM,Asia,South-eastern Asia,17.76,106.15,2006,8.0,42.0,50000.0,50020.0,8000.0
2006-0450-PHL,Natural,Volcanic activity,Ash fall,Philippines,PHL,Asia,South-eastern Asia,13.257,123.685,2006,8.0,,43849.0,43849.0,
2006-0464-CHN,Natural,Earthquake,Ground movement,China,CHN,Asia,Eastern Asia,33.068,104.95,2006,6.0,,125.0,130.0,
2006-0505-MEX,Natural,Storm,Tropical cyclone,Mexico,MEX,Americas,Latin America and the Caribbean,24.47,-107.04,2006,9.0,4.0,240700.0,240700.0,2700.0
2006-0517-VNM,Natural,Storm,Tropical cyclone,Viet Nam,VNM,Asia,South-eastern Asia,16.68,107.21,2006,9.0,71.0,1368720.0,1467925.0,624000.0
2006-0530-THA,Natural,Flood,Riverine flood,Thailand,THA,Asia,South-eastern Asia,18.76,100.02,2006,8.0,164.0,2212413.0,2212413.0,9940.0
2007-0383-USA,Natural,Flood,Riverine flood,United States of America,USA,Americas,Northern America,36.86,-94.64,2007,8.0,26.0,2800.0,2840.0,700000.0
2006-0548-IND,Natural,Flood,Flash flood,India,IND,Asia,Southern Asia,32.89,73.88,2006,8.0,19.0,15000.0,15000.0,
2006-0549-IND,Natural,Flood,Riverine flood,India,IND,Asia,Southern Asia,27.59,81.52,2006,8.0,42.0,100000.0,100000.0,
2006-0550-SOM,Natural,Flood,Riverine flood,Somalia,SOM,Africa,Sub-Saharan Africa,3.1,45.44,2006,8.0,5.0,30000.0,30000.0,
2006-0587-KEN,Natural,Flood,Riverine flood,Kenya,KEN,Africa,Sub-Saharan Africa,-3.24,40.01,2006,10.0,30.0,30000.0,30000.0,
2006-0599-IRQ,Natural,Flood,Flash flood,Iraq,IRQ,Asia,Western Asia,36.23,44.81,2006,11.0,20.0,18000.0,18020.0,
2006-0600-PHL,Natural,Storm,Tropical cyclone,Philippines,PHL,Asia,South-eastern Asia,17.02,121.82,2006,10.0,34.0,282963.0,283021.0,9077.0
2006-0604-MEX,Natural,Storm,Tropical cyclone,Mexico,MEX,Americas,Latin America and the Caribbean,24.93,-107.53,2006,10.0,4.0,20000.0,20000.0,
2006-0617-ESP,Natural,Flood,Riverine flood,Spain,ESP,Europe,Southern Europe,41.65,-7.87,2006,10.0,2.0,289.0,289.0,
2006-0617-PRT,Natural,Flood,Riverine flood,Portugal,PRT,Europe,Southern Europe,41.65,-7.87,2006,10.0,3.0,367.0,367.0,
2006-0646-RWA,Natural,Mass movement (wet),Landslide (wet),Rwanda,RWA,Africa,Sub-Saharan Africa,-1.79,29.94,2006,11.0,24.0,2000.0,2000.0,
2006-0648-VNM,Natural,Storm,Tropical cyclone,Viet Nam,VNM,Asia,South-eastern Asia,10.33,106.74,2006,11.0,95.0,975000.0,1226360.0,456000.0
2006-0704-USA,Natural,Earthquake,Ground movement,United States of America,USA,Americas,Northern America,19.878,-155.935,2006,10.0,,3519.0,3529.0,150000.0
2006-0705-IDN,Natural,Earthquake,Ground movement,Indonesia,IDN,Asia,South-eastern Asia,-8.261,118.753,2006,12.0,1.0,,114.0,
2007-0020-MOZ,Natural,Flood,Riverine flood,Mozambique,MOZ,Africa,Sub-Saharan Africa,-17.47,35.15,2007,1.0,29.0,285000.0,285000.0,71000.0
2007-0022-PHL,Natural,Flood,Riverine flood,Philippines,PHL,Asia,South-eastern Asia,7.71,125.22,2007,1.0,9.0,24508.0,24508.0,4080.0
2007-0024-YEM,Natural,Flood,Riverine flood,Yemen,YEM,Asia,Western Asia,15.1,43.88,2007,1.0,7.0,2000.0,2000.0,
2007-0040-MWI,Natural,Flood,Riverine flood,Malawi,MWI,Africa,Sub-Saharan Africa,-10.62,32.59,2007,1.0,,,2000.0,
2007-0103-YEM,Natural,Flood,Flash flood,Yemen,YEM,Asia,Western Asia,16.57,49.13,2007,3.0,36.0,600.0,618.0,
2007-0165-CAN,Natural,Flood,Riverine flood,Canada,CAN,Americas,Northern America,54.18,-125.03,2007,6.0,,500.0,500.0,
2007-0167-HTI,Natural,Flood,Riverine flood,Haiti,HTI,Americas,Latin America and the Caribbean,19.55,-71.05,2007,5.0,2.0,,12500.0,
2007-0168-TUR,Natural,Flood,Riverine flood,Türkiye,TUR,Asia,Western Asia,39.4,43.8,2007,5.0,13.0,750.0,750.0,
2007-0171-BGR,Natural,Flood,Riverine flood,Bulgaria,BGR,Europe,Eastern Europe,42.52,24.5,2007,5.0,2.0,1000.0,1000.0,
2007-0175-IDN,Natural,Flood,Riverine flood,Indonesia,IDN,Asia,South-eastern Asia,-0.19,116.92,2007,5.0,4.0,60000.0,60000.0,
2007-0177-KEN,Natural,Flood,Riverine flood,Kenya,KEN,Africa,Sub-Saharan Africa,-3.59,39.76,2007,5.0,2.0,650.0,651.0,
2007-0180-RUS,Natural,Flood,Riverine flood,Russian Federation,RUS,Europe,Eastern Europe,62.34,130.46,2007,5.0,,14000.0,14000.0,25752.0
2007-0186-MMR,Natural,Flood,Riverine flood,Myanmar,MMR,Asia,South-eastern Asia,16.91,96.13,2007,5.0,5.0,3000.0,3000.0,
2007-0191-COL,Natural,Flood,Riverine flood,Colombia,COL,Americas,Latin America and the Caribbean,4.5,-75.21,2007,4.0,24.0,,2035.0,
2007-0242-IRN,Natural,Flood,Flash flood,Iran (Islamic Republic of),IRN,Asia,Southern Asia,33.75,52.2,2007,6.0,12.0,,,22000.0
2007-0244-USA,Natural,Flood,Riverine flood,United States of America,USA,Americas,Northern America,32.84,-97.17,2007,6.0,8.0,5000.0,5000.0,
2007-0261-SDN,Natural,Flood,Riverine flood,Sudan,SDN,Africa,Northern Africa,12.91,33.77,2007,7.0,150.0,365000.0,565335.0,300000.0
2007-0585-MWI,Natural,Flood,Flash flood,Malawi,MWI,Africa,Sub-Saharan Africa,-16.81,35.24,2007,11.0,,180246.0,180246.0,
2007-0304-ETH,Natural,Flood,Riverine flood,Ethiopia,ETH,Africa,Sub-Saharan Africa,8.33,34.5,2007,7.0,17.0,239586.0,239586.0,
2007-0307-NPL,Natural,Flood,Riverine flood,Nepal,NPL,Asia,Southern Asia,27.78,84.08,2007,7.0,214.0,640658.0,640706.0,2400.0
2007-0309-IDN,Natural,Flood,Riverine flood,Indonesia,IDN,Asia,South-eastern Asia,-3.28,120.2,2007,7.0,15.0,2000.0,2000.0,
2007-0314-CHN,Natural,Flood,Riverine flood,China,CHN,Asia,Eastern Asia,36.68,119.23,2007,7.0,83.0,112600.0,112742.0,329000.0
2007-0318-MMR,Natural,Flood,Riverine flood,Myanmar,MMR,Asia,South-eastern Asia,18.52,95.32,2007,7.0,,97628.0,101920.0,
2007-0320-IND,Natural,Flood,Riverine flood,India,IND,Asia,Southern Asia,22.63,88.49,2007,7.0,1103.0,18700000.0,18700000.0,
2007-0334-RUS,Natural,Earthquake,Ground movement,Russian Federation,RUS,Europe,Eastern Europe,47.116,141.798,2007,8.0,2.0,25000.0,25012.0,420000.0
2007-0360-DOM,Natural,Storm,Tropical cyclone,Dominican Republic,DOM,Americas,Latin America and the Caribbean,14.64,-61.02,2007,8.0,1.0,1600.0,1600.0,40000.0
2007-0360-HTI,Natural,Storm,Tropical cyclone,Haiti,HTI,Americas,Latin America and the Caribbean,14.64,-61.02,2007,8.0,9.0,3960.0,3966.0,
2007-0364-IND,Natural,Flood,Riverine flood,India,IND,Asia,Southern Asia,31.24,76.53,2007,8.0,76.0,15000.0,15000.0,
2007-0403-TCD,Natural,Flood,Riverine flood,Chad,TCD,Africa,Sub-Saharan Africa,11.54,19.05,2007,8.0,12.0,170000.0,170000.0,
2007-0405-CHN,Natural,Flood,Riverine flood,China,CHN,Asia,Eastern Asia,27.72,104.07,2007,8.0,17.0,213000.0,213000.0,5500.0
2007-0408-KEN,Natural,Flood,Riverine flood,Kenya,KEN,Africa,Sub-Saharan Africa,0.88,34.28,2007,8.0,13.0,40000.0,40000.0,
2007-0414-CHN,Natural,Flood,Riverine flood,China,CHN,Asia,Eastern Asia,36.37,118.72,2007,8.0,26.0,2430000.0,2430000.0,
2007-0433-COL,Natural,Earthquake,Ground movement,Colombia,COL,Americas,Latin America and the Caribbean,2.966,-77.963,2007,9.0,,170.0,175.0,
2007-0439-MEX,Natural,Storm,Tropical cyclone,Mexico,MEX,Americas,Latin America and the Caribbean,14.62,-83.64,2007,9.0,,,30000.0,
2007-0448-CHN,Natural,Flood,Riverine flood,China,CHN,Asia,Eastern Asia,32.78,108.87,2007,8.0,11.0,,17500.0,26000.0
2007-0470-KOR,Natural,Storm,Tropical cyclone,Republic of Korea,KOR,Asia,Eastern Asia,34.78,126.59,2007,9.0,20.0,,602.0,70000.0
2007-0503-NIC,Natural,Flood,Riverine flood,Nicaragua,NIC,Americas,Latin America and the Caribbean,10.98,-85.44,2007,10.0,10.0,24000.0,24000.0,
2007-0554-GRC,Natural,Flood,Riverine flood,Greece,GRC,Europe,Southern Europe,41.74,25.62,2007,11.0,2.0,600.0,600.0,
2007-0503-PAN,Natural,Flood,Riverine flood,Panama,PAN,Americas,Latin America and the Caribbean,10.98,-85.44,2007,10.0,2.0,129.0,129.0,
2007-0511-IDN,Natural,Volcanic activity,Ash fall,Indonesia,IDN,Asia,South-eastern Asia,-7.93,112.308,2007,10.0,,22154.0,22154.0,
2007-0523-HTI,Natural,Storm,Tropical cyclone,Haiti,HTI,Americas,Latin America and the Caribbean,18.53,-70.06,2007,10.0,90.0,108630.0,108763.0,
2007-0524-IND,Natural,Flood,Riverine flood,India,IND,Asia,Southern Asia,12.73,79.7,2007,10.0,29.0,50000.0,50000.0,
2007-0554-TUR,Natural,Flood,Riverine flood,Türkiye,TUR,Asia,Western Asia,41.74,26.62,2007,11.0,1.0,2250.0,2250.0,
2007-0555-UGA,Natural,Flood,Riverine flood,Uganda,UGA,Africa,Sub-Saharan Africa,0.35,32.59,2007,11.0,4.0,3000.0,3000.0,
2007-0558-VNM,Natural,Flood,Coastal flood,Viet Nam,VNM,Asia,South-eastern Asia,15.3,108.44,2007,11.0,55.0,150000.0,150000.0,350000.0
2007-0559-SOM,Natural,Flood,Flash flood,Somalia,SOM,Africa,Sub-Saharan Africa,11.82,51.02,2007,11.0,21.0,,2012.0,
2007-0562-SRB,Natural,Flood,Flash flood,Serbia,SRB,Europe,Southern Europe,42.76,20.8,2007,11.0,,12370.0,12370.0,
2007-0572-LCA,Natural,Earthquake,Ground movement,Saint Lucia,LCA,Americas,Latin America and the Caribbean,14.944,-61.274,2007,11.0,,,,
2007-0576-PHL,Natural,Storm,Tropical cyclone,Philippines,PHL,Asia,South-eastern Asia,17.08,122.01,2007,11.0,29.0,443109.0,443115.0,5000.0
2007-0591-AUS,Natural,Storm,Tropical cyclone,Australia,AUS,Oceania,Australia and New Zealand,-13.67,131.92,2007,3.0,2.0,730.0,820.0,100000.0
2007-0599-AUT,Natural,Flood,Riverine flood,Austria,AUT,Europe,Western Europe,48.91,16.35,2007,9.0,,480.0,480.0,
2007-0602-IND,Natural,Flood,Riverine flood,India,IND,Asia,Southern Asia,27.58,95.26,2007,7.0,96.0,11100000.0,11100000.0,
2007-0603-IND,Natural,Flood,Riverine flood,India,IND,Asia,Southern Asia,10.39,76.31,2007,7.0,44.0,35000.0,35000.0,101151.0
2007-0612-PRI,Natural,Storm,Tropical cyclone,Puerto Rico,PRI,Americas,Latin America and the Caribbean,18.93,-71.03,2007,12.0,1.0,,,
2007-0653-BRA,Natural,Earthquake,Ground movement,Brazil,BRA,Americas,Latin America and the Caribbean,-15.048,-44.231,2007,12.0,1.0,280.0,286.0,
2007-0692-GBR,Natural,Earthquake,Ground movement,United Kingdom of Great Britain and Northern Ireland,GBR,Europe,Northern Europe,51.085,1.009,2007,4.0,,4500.0,4501.0,60000.0
2008-0017-AUS,Natural,Flood,Riverine flood,Australia,AUS,Oceania,Australia and New Zealand,-20.4,144.56,2008,1.0,,3200.0,3200.0,600000.0
2008-0041-BRA,Natural,Flood,Riverine flood,Brazil,BRA,Americas,Latin America and the Caribbean,-22.37,-43.13,2008,2.0,9.0,12858.0,12870.0,
2008-0042-IDN,Natural,Flood,Riverine flood,Indonesia,IDN,Asia,South-eastern Asia,-6.19,106.85,2008,2.0,3.0,88261.0,89761.0,
2008-0048-ECU,Natural,Flood,Riverine flood,Ecuador,ECU,Americas,Latin America and the Caribbean,-1.25,-79.66,2008,1.0,41.0,275000.0,289122.0,1000000.0
2008-0055-GBR,Natural,Flood,Riverine flood,United Kingdom of Great Britain and Northern Ireland,GBR,Europe,Northern Europe,52.92,-1.65,2008,1.0,,2000.0,2000.0,
2008-0182-ARG,Natural,Volcanic activity,Ash fall,Argentina,ARG,Americas,Latin America and the Caribbean,-42.833,-72.65,2008,5.0,,,,
2008-0095-KAZ,Natural,Flood,Riverine flood,Kazakhstan,KAZ,Asia,Central Asia,42.3,68.55,2008,2.0,1.0,13000.0,13000.0,130000.0
2008-0121-COL,Natural,Flood,Riverine flood,Colombia,COL,Americas,Latin America and the Caribbean,2.68,-75.42,2008,3.0,11.0,,,
2008-0130-IND,Natural,Flood,Flood (General),India,IND,Asia,Southern Asia,10.76,78.72,2008,3.0,37.0,10278.0,10278.0,2000.0
2008-0189-IDN,Natural,Mass movement (wet),Landslide (wet),Indonesia,IDN,Asia,South-eastern Asia,-4.4831667,137.69,2008,5.0,21.0,,,
2008-0233-BLZ,Natural,Storm,Tropical cyclone,Belize,BLZ,Americas,Latin America and the Caribbean,17.3,-88.1,2008,5.0,7.0,10000.0,10000.0,
2008-0249-CHN,Natural,Storm,Tropical cyclone,China,CHN,Asia,Eastern Asia,23.542,112.3,2008,6.0,14.0,340000.0,340000.0,175000.0
2008-0263-CHN,Natural,Flood,Riverine flood,China,CHN,Asia,Eastern Asia,30.87,113.03,2008,5.0,3.0,780000.0,780000.0,19000.0
2008-0329-VNM,Natural,Storm,Tropical cyclone,Viet Nam,VNM,Asia,South-eastern Asia,22.05,105.21,2008,8.0,162.0,52630.0,57630.0,120000.0
2008-0367-TCD,Natural,Flood,Riverine flood,Chad,TCD,Africa,Sub-Saharan Africa,9.233,18.35,2008,7.0,,,6450.0,
2008-0403-IDN,Natural,Earthquake,Ground movement,Indonesia,IDN,Asia,South-eastern Asia,-3.935,103.058,2008,9.0,2.0,565.0,625.0,
2008-0444-DZA,Natural,Flood,Flash flood,Algeria,DZA,Africa,Northern Africa,3.48,32.24,2008,10.0,93.0,59000.0,59050.0,348000.0
2008-0476-RUS,Natural,Earthquake,Ground movement,Russian Federation,RUS,Europe,Eastern Europe,43.372,46.254,2008,10.0,13.0,5135.0,5235.0,
2008-0484-HND,Natural,Flood,Riverine flood,Honduras,HND,Americas,Latin America and the Caribbean,15.86,-89.28,2008,10.0,67.0,313350.0,313357.0,
2008-0485-RWA,Natural,Flood,Riverine flood,Rwanda,RWA,Africa,Sub-Saharan Africa,-1.72,29.89,2008,10.0,,11295.0,11346.0,
2008-0486-IND,Natural,Flood,Riverine flood,India,IND,Asia,Southern Asia,22.044,94.55,2008,8.0,47.0,2600000.0,2600000.0,20000.0
2008-0499-YEM,Natural,Flood,Flash flood,Yemen,YEM,Asia,Western Asia,15.54,49.78,2008,10.0,90.0,25000.0,25064.0,400000.0
2008-0518-KEN,Natural,Flood,Riverine flood,Kenya,KEN,Africa,Sub-Saharan Africa,0.05,35.12,2008,11.0,17.0,30770.0,30770.0,
2008-0519-CHN,Natural,Flood,Riverine flood,China,CHN,Asia,Eastern Asia,19.16,109.82,2008,10.0,3.0,50000.0,50000.0,
2008-0523-IRQ,Natural,Flood,Riverine flood,Iraq,IRQ,Asia,Western Asia,36.16,45.11,2008,9.0,4.0,,600.0,
2008-0580-VEN,Natural,Flood,Riverine flood,Venezuela (Bolivarian Republic of),VEN,Americas,Latin America and the Caribbean,9.77,-66.4,2008,11.0,8.0,1500.0,1500.0,
2008-0525-AUS,Natural,Storm,Lightning/Thunderstorms,Australia,AUS,Oceania,Australia and New Zealand,-30.05,151.49,2008,11.0,1.0,12000.0,12000.0,450000.0
2008-0552-VNM,Natural,Storm,Tropical cyclone,Viet Nam,VNM,Asia,South-eastern Asia,15.7,107.71,2008,11.0,17.0,8585.0,8828.0,1000.0
2008-0579-ITA,Natural,Flood,Riverine flood,Italy,ITA,Europe,Southern Europe,41.83,13.16,2008,12.0,3.0,,,278000.0
2008-0589-GUY,Natural,Flood,Riverine flood,Guyana,GUY,Americas,Latin America and the Caribbean,7.01,-58.58,2008,12.0,,100000.0,100000.0,
2008-0607-VNM,Natural,Flood,Riverine flood,Viet Nam,VNM,Asia,South-eastern Asia,18.89,107.06,2008,12.0,9.0,20000.0,20000.0,
2008-0634-MYS,Natural,Flood,Flash flood,Malaysia,MYS,Asia,South-eastern Asia,6.64,101.1,2008,12.0,,6000.0,6000.0,
2009-0002-CRI,Natural,Earthquake,Ground movement,Costa Rica,CRI,Americas,Latin America and the Caribbean,10.165,-84.197,2009,1.0,31.0,128527.0,128618.0,200000.0
2009-0015-ROU,Natural,Flood,Riverine flood,Romania,ROU,Europe,Eastern Europe,47.61,24.93,2009,1.0,11.0,,,
2009-0019-DZA,Natural,Flood,Riverine flood,Algeria,DZA,Africa,Northern Africa,29.61,0.71,2009,1.0,33.0,,2548.0,
2009-0041-ARG,Natural,Mass movement (wet),Landslide (wet),Argentina,ARG,Americas,Latin America and the Caribbean,-24.15,-64.29,2009,2.0,4.0,20000.0,20000.0,15000.0
2009-0059-CHN,Natural,Earthquake,Ground movement,China,CHN,Asia,Eastern Asia,43.236,80.893,2009,1.0,,4549.0,4549.0,3100.0
2009-0092-AGO,Natural,Flood,Riverine flood,Angola,AGO,Africa,Sub-Saharan Africa,16.68,-17.08,2009,3.0,60.0,220000.0,220000.0,
2009-0103-ZMB,Natural,Flood,Riverine flood,Zambia,ZMB,Africa,Sub-Saharan Africa,-18.76,24.23,2009,2.0,31.0,614814.0,614814.0,
2009-0110-BOL,Natural,Flood,Riverine flood,Bolivia (Plurinational State of),BOL,Americas,Latin America and the Caribbean,-18.76,-62.62,2009,2.0,,63000.0,63000.0,
2009-0112-IDN,Natural,Earthquake,Ground movement,Indonesia,IDN,Asia,South-eastern Asia,3.886,126.387,2009,2.0,,2985.0,3049.0,9000.0
2009-0190-USA,Natural,Flood,Riverine flood,United States of America,USA,Americas,Northern America,30.84,-85.23,2009,4.0,,1000.0,1000.0,
2009-0261-ZAF,Natural,Flood,Riverine flood,South Africa,ZAF,Africa,Sub-Saharan Africa,-33.07,18.92,2009,7.0,11.0,20000.0,20000.0,
2009-0228-CZE,Natural,Flood,Riverine flood,Czechia,CZE,Europe,Eastern Europe,50.13,18.03,2009,6.0,13.0,14450.0,14450.0,150000.0
2009-0234-GTM,Natural,Flood,Riverine flood,Guatemala,GTM,Americas,Latin America and the Caribbean,13.42,-88.64,2009,6.0,,10800.0,10800.0,
2009-0235-CHN,Natural,Flood,Riverine flood,China,CHN,Asia,Eastern Asia,26.85,110.28,2009,6.0,11.0,106000.0,106000.0,59000.0
2009-0247-VNM,Natural,Flood,Riverine flood,Viet Nam,VNM,Asia,South-eastern Asia,20.67,104.3,2009,7.0,20.0,700000.0,700000.0,
2009-0344-SEN,Natural,Flood,Riverine flood,Senegal,SEN,Africa,Sub-Saharan Africa,15.58,-16.81,2009,8.0,6.0,264000.0,264000.0,
2009-0355-TUR,Natural,Flood,Flash flood,Türkiye,TUR,Asia,Western Asia,41.09,38.95,2009,9.0,40.0,35000.0,35020.0,550000.0
2009-0376-GHA,Natural,Flood,Riverine flood,Ghana,GHA,Africa,Sub-Saharan Africa,8.85,-0.99,2009,9.0,24.0,139790.0,139790.0,
2009-0379-SDN,Natural,Flood,Riverine flood,Sudan,SDN,Africa,Northern Africa,27.01,15.98,2009,8.0,20.0,111455.0,111455.0,
2009-0388-GEO,Natural,Earthquake,Ground movement,Georgia,GEO,Asia,Western Asia,42.66,43.443,2009,9.0,,7300.0,7306.0,
2009-0404-PHL,Natural,Earthquake,Ground movement,Philippines,PHL,Asia,South-eastern Asia,6.513,124.715,2009,9.0,,380.0,392.0,90.0
2009-0420-ASM,Natural,Earthquake,Tsunami,American Samoa,ASM,Oceania,Polynesia,-15.489,-172.095,2009,9.0,34.0,2500.0,2500.0,
2009-0428-ITA,Natural,Flood,Riverine flood,Italy,ITA,Europe,Southern Europe,38.11,15.73,2009,10.0,35.0,,5140.0,20000.0
2009-0434-NPL,Natural,Flood,Riverine flood,Nepal,NPL,Asia,Southern Asia,29.81,80.76,2009,10.0,87.0,257724.0,257786.0,60000.0
2009-0477-SLV,Natural,Storm,Tropical cyclone,El Salvador,SLV,Americas,Latin America and the Caribbean,13.77,-89.0,2009,11.0,275.0,75000.0,90000.0,939000.0
2009-0479-IDN,Natural,Earthquake,Ground movement,Indonesia,IDN,Asia,South-eastern Asia,-0.72,99.867,2009,11.0,2.0,1410.0,1510.0,2430.0
2009-0483-IND,Natural,Flood,Riverine flood,India,IND,Asia,Southern Asia,11.47,77.85,2009,11.0,70.0,,8.0,64000.0
2009-0484-TZA,Natural,Flood,Riverine flood,United Republic of Tanzania,TZA,Africa,Sub-Saharan Africa,-6.77,35.89,2009,11.0,20.0,,,
2009-0573-MWI,Natural,Earthquake,Ground movement,Malawi,MWI,Africa,Sub-Saharan Africa,-10.108,33.818,2009,12.0,3.0,,5721.0,
2009-0574-PHL,Natural,Volcanic activity,Ash fall,Philippines,PHL,Asia,South-eastern Asia,13.257,123.685,2009,12.0,,47137.0,47137.0,
2010-0027-USA,Natural,Earthquake,Ground movement,United States of America,USA,Americas,Northern America,40.652,-124.6925,2010,1.0,,600.0,630.0,12500.0
2010-0064-CHN,Natural,Earthquake,Ground movement,China,CHN,Asia,Eastern Asia,30.268,105.668,2010,1.0,1.0,10000.0,10515.0,4400.0
2010-0066-AUS,Natural,Flood,Riverine flood,Australia,AUS,Oceania,Australia and New Zealand,-32.42,149.59,2010,2.0,,,,
2010-0093-TUR,Natural,Earthquake,Ground movement,Türkiye,TUR,Asia,Western Asia,38.864,39.986,2010,3.0,51.0,3500.0,3600.0,
2010-0109-KAZ,Natural,Flood,Flash flood,Kazakhstan,KAZ,Asia,Central Asia,45.08,79.21,2010,2.0,44.0,15500.0,16200.0,34576.0
2010-0115-SOM,Natural,Flood,Riverine flood,Somalia,SOM,Africa,Sub-Saharan Africa,9.2,45.49,2010,3.0,,16000.0,16000.0,
2010-0183-YEM,Natural,Flood,Riverine flood,Yemen,YEM,Asia,Western Asia,14.03,44.31,2010,5.0,7.0,,1002.0,
2010-0191-LKA,Natural,Flood,Riverine flood,Sri Lanka,LKA,Asia,Southern Asia,6.83,80.59,2010,5.0,28.0,606072.0,606072.0,105000.0
2010-0238-IDN,Natural,Earthquake,Ground movement,Indonesia,IDN,Asia,South-eastern Asia,-2.174,136.543,2010,6.0,17.0,,4600.0,
2010-0278-MDA,Natural,Flood,Riverine flood,Republic of Moldova,MDA,Europe,Eastern Europe,46.82,27.97,2010,7.0,1.0,12000.0,12000.0,
2010-0338-SAU,Natural,Flood,Riverine flood,Saudi Arabia,SAU,Asia,Western Asia,20.61,41.17,2010,7.0,10.0,85.0,85.0,
2010-0300-BFA,Natural,Flood,Riverine flood,Burkina Faso,BFA,Africa,Sub-Saharan Africa,12.94,-1.39,2010,7.0,16.0,133362.0,133362.0,176.0
2010-0300-TCD,Natural,Flood,Riverine flood,Chad,TCD,Africa,Sub-Saharan Africa,11.385,14.63,2010,8.0,24.0,144579.0,144579.0,
2010-0361-IRN,Natural,Earthquake,Ground movement,Iran (Islamic Republic of),IRN,Asia,Southern Asia,35.221,59.317,2010,7.0,,,274.0,
2010-0367-AFG,Natural,Flood,Riverine flood,Afghanistan,AFG,Asia,Southern Asia,35.21,68.85,2010,7.0,65.0,5000.0,5000.0,
2010-0523-MRT,Natural,Flood,Riverine flood,Mauritania,MRT,Africa,Sub-Saharan Africa,16.245,-7.65,2010,9.0,,8750.0,8750.0,
2010-0552-THA,Natural,Flood,Riverine flood,Thailand,THA,Asia,South-eastern Asia,15.03,102.2,2010,10.0,258.0,8970653.0,8970653.0,332000.0
2010-0571-HTI,Natural,Storm,Tropical cyclone,Haiti,HTI,Americas,Latin America and the Caribbean,20.48,-75.88,2010,11.0,21.0,5020.0,5020.0,
2010-0606-PHL,Natural,Volcanic activity,Ash fall,Philippines,PHL,Asia,South-eastern Asia,12.77,124.05,2010,11.0,,14161.0,14161.0,
2010-0613-MAR,Natural,Flood,Flash flood,Morocco,MAR,Africa,Northern Africa,9.77,-66.93,2010,11.0,32.0,75000.0,75003.0,29000.0
2010-0645-IRN,Natural,Earthquake,Ground movement,Iran (Islamic Republic of),IRN,Asia,Southern Asia,28.412,59.18,2010,12.0,7.0,,25.0,
2010-0647-ESP,Natural,Flood,Riverine flood,Spain,ESP,Europe,Southern Europe,37.811,-5.87,2010,12.0,2.0,6500.0,6500.0,
2010-0666-PAN,Natural,Flood,Riverine flood,Panama,PAN,Americas,Latin America and the Caribbean,8.88,-78.59,2010,12.0,13.0,24407.0,24610.0,
2010-0668-TWN,Natural,Earthquake,Ground movement,Taiwan (Province of China),TWN,Asia,Eastern Asia,22.918,120.795,2010,3.0,,,96.0,1000000.0
2010-0673-CHN,Natural,Earthquake,Ground movement,China,CHN,Asia,Eastern Asia,27.197,103.005,2010,8.0,,5000.0,5014.0,
2002-0378-IRN,Natural,Earthquake,Ground movement,Iran (Islamic Republic of),IRN,Asia,Southern Asia,35.626,49.047,2002,6.0,227.0,110000.0,111300.0,300000.0
2011-0159-ESP,Natural,Earthquake,Ground movement,Spain,ESP,Europe,Southern Europe,37.699,-1.672,2011,5.0,10.0,,15300.0,200000.0
2011-0023-IDN,Natural,Flood,Riverine flood,Indonesia,IDN,Asia,South-eastern Asia,-6.8436,108.26,2011,1.0,,12000.0,12000.0,
2011-0043-LSO,Natural,Flood,Riverine flood,Lesotho,LSO,Africa,Sub-Saharan Africa,-29.5025,28.08,2011,2.0,26.0,5000.0,5000.0,
2011-0049-LKA,Natural,Flood,Riverine flood,Sri Lanka,LKA,Asia,Southern Asia,8.513,80.53,2011,2.0,18.0,225000.0,225000.0,300000.0
2011-0419-NER,Natural,Flood,Riverine flood,Niger,NER,Africa,Sub-Saharan Africa,14.951,4.555,2011,8.0,7.0,13000.0,13000.0,
2011-0082-JPN,Natural,Earthquake,Tsunami,Japan,JPN,Asia,Eastern Asia,38.297,142.373,2011,3.0,19846.0,362887.0,368820.0,210000000.0
2011-0083-THA,Natural,Flood,Flash flood,Thailand,THA,Asia,South-eastern Asia,8.666,99.28,2011,3.0,64.0,716110.0,716110.0,317000.0
2011-0100-ZAF,Natural,Flood,Riverine flood,South Africa,ZAF,Africa,Sub-Saharan Africa,-31.055,28.41,2011,1.0,40.0,200000.0,200321.0,211000.0
2011-0101-PHL,Natural,Volcanic activity,Ash fall,Philippines,PHL,Asia,South-eastern Asia,12.77,124.05,2011,2.0,,32616.0,32616.0,
2011-0104-PAK,Natural,Earthquake,Ground movement,Pakistan,PAK,Asia,Southern Asia,28.777,63.951,2011,1.0,2.0,1000.0,1000.0,
2011-0132-COL,Natural,Flood,Riverine flood,Colombia,COL,Americas,Latin America and the Caribbean,5.69,-74.15,2011,4.0,138.0,988441.0,988599.0,1030000.0
2011-0142-BRA,Natural,Flood,Riverine flood,Brazil,BRA,Americas,Latin America and the Caribbean,-28.28,-52.91,2011,4.0,12.0,31600.0,31600.0,
2011-0178-KAZ,Natural,Flood,Riverine flood,Kazakhstan,KAZ,Asia,Central Asia,51.448,53.67,2011,4.0,2.0,12238.0,16000.0,67000.0
2011-0204-PHL,Natural,Flood,Riverine flood,Philippines,PHL,Asia,South-eastern Asia,8.306,125.21,2011,5.0,12.0,944778.0,944781.0,10666.0
2011-0408-DZA,Natural,Flood,Riverine flood,Algeria,DZA,Africa,Northern Africa,29.565,1.7,2011,10.0,10.0,750.0,793.0,779000.0
2011-0227-CHN,Natural,Flood,Riverine flood,China,CHN,Asia,Eastern Asia,27.89,14.47,2011,6.0,467.0,67900000.0,67900000.0,6400000.0
2011-0411-CHN,Natural,Earthquake,Ground movement,China,CHN,Asia,Eastern Asia,43.648,82.437,2011,11.0,,143000.0,143000.0,56400.0
2011-0343-NGA,Natural,Flood,Riverine flood,Nigeria,NGA,Africa,Sub-Saharan Africa,8.7372,4.47,2011,8.0,120.0,3000.0,3000.0,
2011-0347-PAK,Natural,Flood,Riverine flood,Pakistan,PAK,Asia,Southern Asia,25.012,69.07,2011,8.0,509.0,5400000.0,5400755.0,2500000.0
2011-0351-BTN,Natural,Earthquake,Ground movement,Bhutan,BTN,Asia,Southern Asia,27.73,88.155,2011,9.0,1.0,20000.0,20016.0,
2011-0351-IND,Natural,Earthquake,Ground movement,India,IND,Asia,Southern Asia,27.73,88.155,2011,9.0,112.0,500000.0,575200.0,
2011-0373-GTM,Natural,Earthquake,Ground movement,Guatemala,GTM,Americas,Latin America and the Caribbean,14.186,-90.238,2011,9.0,3.0,400.0,400.0,
2011-0386-COL,Natural,Flood,Riverine flood,Colombia,COL,Americas,Latin America and the Caribbean,4.64,-73.94,2011,9.0,135.0,498820.0,498924.0,1290000.0
2011-0422-IND,Natural,Flood,Riverine flood,India,IND,Asia,Southern Asia,26.59,92.18,2011,8.0,7.0,11000.0,11000.0,
2011-0424-IND,Natural,Flood,Riverine flood,India,IND,Asia,Southern Asia,26.376,86.24,2011,8.0,204.0,5549080.0,5549080.0,
2011-0428-IND,Natural,Flood,Riverine flood,India,IND,Asia,Southern Asia,28.524,80.93,2011,7.0,19.0,200000.0,200000.0,
2011-0445-PHL,Natural,Earthquake,Ground movement,Philippines,PHL,Asia,South-eastern Asia,7.904,125.195,2011,11.0,,25.0,28.0,
2011-0535-TZA,Natural,Flood,Riverine flood,United Republic of Tanzania,TZA,Africa,Sub-Saharan Africa,-6.917,39.04,2011,12.0,20.0,50000.0,50200.0,
2011-0601-CHN,Natural,Earthquake,Ground movement,China,CHN,Asia,Eastern Asia,39.955,77.028,2011,8.0,,855.0,1616.0,
2011-0564-PHL,Natural,Volcanic activity,Ash fall,Philippines,PHL,Asia,South-eastern Asia,14.002,120.993,2011,3.0,,1315.0,1315.0,
2012-0031-PHL,Natural,Earthquake,Ground movement,Philippines,PHL,Asia,South-eastern Asia,9.999,123.206,2012,2.0,113.0,320165.0,320277.0,8900.0
2012-0126-CHL,Natural,Earthquake,Ground movement,Chile,CHL,Americas,Latin America and the Caribbean,-35.2,-72.217,2012,3.0,1.0,24283.0,24297.0,100000.0
2012-0151-TJK,Natural,Earthquake,Ground movement,Tajikistan,TJK,Asia,Central Asia,38.612,70.354,2012,5.0,2.0,2531.0,2531.0,
2012-0179-IND,Natural,Flood,Riverine flood,India,IND,Asia,Southern Asia,26.566,92.44,2012,6.0,120.0,2200000.0,2200000.0,
2012-0275-IRN,Natural,Earthquake,Ground movement,Iran (Islamic Republic of),IRN,Asia,Southern Asia,38.329,46.826,2012,8.0,306.0,59540.0,61546.0,500000.0
2000-0762-IDN,Natural,Earthquake,Ground movement,Indonesia,IDN,Asia,South-eastern Asia,-4.612,101.905,2000,6.0,1.0,3000.0,3000.0,
2001-0023-GTM,Natural,Earthquake,Ground movement,Guatemala,GTM,Americas,Latin America and the Caribbean,13.049,-88.66,2001,1.0,6.0,150.0,152.0,50.0
2001-0064-CHN,Natural,Earthquake,Ground movement,China,CHN,Asia,Eastern Asia,29.513,101.129,2001,2.0,3.0,,300109.0,24000.0
2001-0214-CHN,Natural,Earthquake,Ground movement,China,CHN,Asia,Eastern Asia,27.689,101.003,2001,5.0,2.0,,10605.0,36000.0
2001-0294-PER,Natural,Earthquake,Tsunami,Peru,PER,Americas,Latin America and the Caribbean,-16.265,-73.641,2001,6.0,145.0,222400.0,349978.0,300000.0
2001-0389-CHN,Natural,Earthquake,Ground movement,China,CHN,Asia,Eastern Asia,24.455,102.66,2001,7.0,,25000.0,25000.0,
2001-0598-CHN,Natural,Earthquake,Ground movement,China,CHN,Asia,Eastern Asia,26.316,100.648,2001,10.0,1.0,,17220.0,
2001-0754-PER,Natural,Earthquake,Ground movement,Peru,PER,Americas,Latin America and the Caribbean,-14.258,-72.683,2001,8.0,4.0,3950.0,3965.0,
2002-0015-TJK,Natural,Earthquake,Ground movement,Tajikistan,TJK,Asia,Central Asia,38.673,69.902,2002,1.0,3.0,1000.0,1050.0,
2002-0129-PHL,Natural,Earthquake,Ground movement,Philippines,PHL,Asia,South-eastern Asia,6.033,124.249,2002,3.0,15.0,73351.0,73451.0,1714.0
2002-0172-TWN,Natural,Earthquake,Ground movement,Taiwan (Province of China),TWN,Asia,Eastern Asia,24.279,122.179,2002,3.0,4.0,300.0,500.0,25000.0
2000-0023-BGD,Natural,Earthquake,Ground movement,Bangladesh,BGD,Asia,Southern Asia,21.431,91.762,2000,1.0,,1000.0,1000.0,
2000-0076-ISL,Natural,Earthquake,Ground movement,Iceland,ISL,Europe,Northern Europe,63.98,-20.758,2000,6.0,,72.0,108.0,12000.0
2000-0089-PHL,Natural,Volcanic activity,Ash fall,Philippines,PHL,Asia,South-eastern Asia,13.257,123.685,2000,2.0,,68426.0,68426.0,2214.0
2000-0291-TUR,Natural,Earthquake,Ground movement,Türkiye,TUR,Asia,Western Asia,40.693,32.992,2000,6.0,2.0,23000.0,23080.0,
2000-0293-IDN,Natural,Earthquake,Ground movement,Indonesia,IDN,Asia,South-eastern Asia,-4.646,102.102,2000,6.0,103.0,200000.0,204714.0,41000.0
2000-0387-NIC,Natural,Earthquake,Ground movement,Nicaragua,NIC,Americas,Latin America and the Caribbean,11.884,-85.988,2000,7.0,7.0,1785.0,7477.0,
2000-0428-JPN,Natural,Earthquake,Ground movement,Japan,JPN,Asia,Eastern Asia,34.221,139.131,2000,7.0,1.0,100.0,100.0,
2000-0449-IDN,Natural,Earthquake,Ground movement,Indonesia,IDN,Asia,South-eastern Asia,-6.675,106.845,2000,7.0,,,4124.0,2000.0
2000-0769-AZE,Natural,Earthquake,Ground movement,Azerbaijan,AZE,Asia,Western Asia,40.245,49.946,2000,11.0,31.0,2694.0,3294.0,10000.0
2000-0804-MEX,Natural,Volcanic activity,Ash fall,Mexico,MEX,Americas,Latin America and the Caribbean,19.023,-98.622,2000,12.0,,41000.0,41000.0,
2001-0013-SLV,Natural,Earthquake,Ground movement,El Salvador,SLV,Americas,Latin America and the Caribbean,13.049,-88.66,2001,1.0,844.0,1329806.0,1334529.0,1500000.0
2001-0033-IND,Natural,Earthquake,Ground movement,India,IND,Asia,Southern Asia,23.419,70.232,2001,1.0,20005.0,4365000.0,6321812.0,2623000.0
2001-0099-USA,Natural,Earthquake,Ground movement,United States of America,USA,Americas,Northern America,47.149,-122.7266667,2001,2.0,1.0,,400.0,2000000.0
2001-0254-VUT,Natural,Volcanic activity,Ash fall,Vanuatu,VUT,Oceania,Melanesia,-16.507,168.346,2001,6.0,,4500.0,4500.0,
2001-0345-PNG,Natural,Earthquake,Ground movement,Papua New Guinea,PNG,Oceania,Melanesia,-6.884,146.388,2001,6.0,,,201.0,
2001-0546-IDN,Natural,Earthquake,Ground movement,Indonesia,IDN,Asia,South-eastern Asia,-6.99,108.275,2001,6.0,,12500.0,12512.0,
2001-0669-IDN,Natural,Earthquake,Ground movement,Indonesia,IDN,Asia,South-eastern Asia,-4.68,102.562,2001,2.0,,,,
2001-0749-GRC,Natural,Earthquake,Ground movement,Greece,GRC,Europe,Southern Europe,39.059,24.244,2001,7.0,,300.0,300.0,
2002-0070-PNG,Natural,Earthquake,Ground movement,Papua New Guinea,PNG,Oceania,Melanesia,-3.212,142.427,2002,1.0,1.0,,1000.0,
2002-0234-SCG,Natural,Earthquake,Ground movement,Serbia Montenegro,SCG,Europe,Southern Europe,42.436,21.466,2002,4.0,1.0,,100.0,
2002-0368-ARG,Natural,Earthquake,Ground movement,Argentina,ARG,Americas,Latin America and the Caribbean,-28.937,-66.797,2002,5.0,,500.0,727.0,
2002-0512-IDN,Natural,Earthquake,Ground movement,Indonesia,IDN,Asia,South-eastern Asia,-1.196,121.333,2002,8.0,,2500.0,2548.0,
2002-0584-IND,Natural,Earthquake,Ground movement,India,IND,Asia,Southern Asia,13.036,93.068,2002,9.0,2.0,,200.0,
2002-0690-ITA,Natural,Earthquake,Ground movement,Italy,ITA,Europe,Southern Europe,41.789,14.872,2002,10.0,30.0,,8533.0,796000.0
2002-0680-ITA,Natural,Earthquake,Ground movement,Italy,ITA,Europe,Southern Europe,37.67,15.267,2002,10.0,,,1009.0,
2002-0721-PAK,Natural,Earthquake,Ground movement,Pakistan,PAK,Asia,Southern Asia,35.414,74.515,2002,11.0,19.0,140742.0,140782.0,
2002-0835-CHN,Natural,Earthquake,Ground movement,China,CHN,Asia,Eastern Asia,39.736,97.443,2002,12.0,2.0,65500.0,65500.0,
2003-0105-CHN,Natural,Earthquake,Ground movement,China,CHN,Asia,Eastern Asia,39.61,77.23,2003,2.0,268.0,510000.0,517000.0,157000.0
2003-0183-CHN,Natural,Earthquake,Ground movement,China,CHN,Asia,Eastern Asia,37.529,96.476,2003,4.0,,3300.0,3300.0,
2003-0209-CHN,Natural,Earthquake,Ground movement,China,CHN,Asia,Eastern Asia,39.43,77.219,2003,5.0,1.0,,8003.0,
2003-0254-IDN,Natural,Earthquake,Ground movement,Indonesia,IDN,Asia,South-eastern Asia,2.354,128.855,2003,5.0,1.0,100.0,247.0,
2003-0348-CHN,Natural,Earthquake,Ground movement,China,CHN,Asia,Eastern Asia,25.975,101.29,2003,7.0,16.0,1250000.0,1295584.0,75000.0
2003-0326-ECU,Natural,Volcanic activity,Ash fall,Ecuador,ECU,Americas,Latin America and the Caribbean,-1.467,-78.442,2003,6.0,,25000.0,25000.0,
2003-0354-JPN,Natural,Earthquake,Ground movement,Japan,JPN,Asia,Eastern Asia,38.432,141.003,2003,7.0,,17403.0,18191.0,411000.0
2003-0402-CHN,Natural,Earthquake,Ground movement,China,CHN,Asia,Eastern Asia,43.77,119.643,2003,8.0,4.0,415000.0,455500.0,167000.0
2003-0452-BGD,Natural,Earthquake,Ground movement,Bangladesh,BGD,Asia,Southern Asia,22.854,92.306,2003,7.0,2.0,2500.0,2525.0,
2003-0477-DOM,Natural,Earthquake,Ground movement,Dominican Republic,DOM,Americas,Latin America and the Caribbean,19.777,-70.673,2003,9.0,3.0,2000.0,2015.0,
2003-0519-CHN,Natural,Earthquake,Ground movement,China,CHN,Asia,Eastern Asia,38.383,100.975,2003,10.0,9.0,50000.0,275043.0,40000.0
2004-0001-IDN,Natural,Earthquake,Ground movement,Indonesia,IDN,Asia,South-eastern Asia,-8.31,115.788,2004,1.0,1.0,30000.0,30040.0,12000.0
2004-0054-PAK,Natural,Earthquake,Ground movement,Pakistan,PAK,Asia,Southern Asia,34.774,73.216,2004,2.0,24.0,10765.0,13148.0,
2004-0132-TUR,Natural,Earthquake,Ground movement,Türkiye,TUR,Asia,Western Asia,39.847,40.874,2004,3.0,,32500.0,32530.0,
2004-0147-TJK,Natural,Earthquake,Ground movement,Tajikistan,TJK,Asia,Central Asia,39.57,67.479,2004,4.0,,180.0,180.0,
2004-0308-TUR,Natural,Earthquake,Ground movement,Türkiye,TUR,Asia,Western Asia,39.766,43.979,2004,7.0,18.0,335.0,356.0,
2004-0522-CHN,Natural,Earthquake,Ground movement,China,CHN,Asia,Eastern Asia,25.073,99.169,2004,10.0,,100000.0,100012.0,
2004-0436-AFG,Natural,Earthquake,Ground movement,Afghanistan,AFG,Asia,Southern Asia,33.426,69.524,2004,7.0,2.0,,1040.0,
2004-0532-JPN,Natural,Earthquake,Ground movement,Japan,JPN,Asia,Eastern Asia,37.226,138.779,2004,10.0,40.0,59000.0,62183.0,28000000.0
2004-0575-COL,Natural,Earthquake,Ground movement,Colombia,COL,Americas,Latin America and the Caribbean,4.695,-77.508,2004,11.0,,8016.0,8036.0,
2004-0599-CRI,Natural,Earthquake,Ground movement,Costa Rica,CRI,Americas,Latin America and the Caribbean,9.602,-84.172,2004,11.0,8.0,255.0,280.0,
2004-0607-IDN,Natural,Earthquake,Ground movement,Indonesia,IDN,Asia,South-eastern Asia,-3.609,135.404,2004,11.0,32.0,12620.0,12833.0,55000.0
2004-0659-MMR,Natural,Earthquake,Tsunami,Myanmar,MMR,Asia,South-eastern Asia,3.295,95.982,2004,12.0,71.0,12500.0,15700.0,500000.0
2005-0016-IRN,Natural,Earthquake,Ground movement,Iran (Islamic Republic of),IRN,Asia,Southern Asia,37.103,54.574,2005,1.0,,,110.0,
2005-0031-IDN,Natural,Earthquake,Ground movement,Indonesia,IDN,Asia,South-eastern Asia,-1.198,119.933,2005,1.0,1.0,680.0,684.0,
2005-0126-TUR,Natural,Earthquake,Ground movement,Türkiye,TUR,Asia,Western Asia,39.354,40.89,2005,3.0,,2250.0,2268.0,
2005-0211-JPN,Natural,Earthquake,Ground movement,Japan,JPN,Asia,Eastern Asia,33.637,130.179,2005,4.0,,837.0,895.0,
2005-0329-TUR,Natural,Earthquake,Ground movement,Türkiye,TUR,Asia,Western Asia,39.22,41.08,2005,6.0,,300.0,354.0,
2005-0558-PER,Natural,Earthquake,Ground movement,Peru,PER,Americas,Latin America and the Caribbean,-5.678,-76.398,2005,9.0,5.0,2446.0,2505.0,
2005-0570-SLV,Natural,Volcanic activity,Ash fall,El Salvador,SLV,Americas,Latin America and the Caribbean,13.852846,-89.63,2005,10.0,2.0,2000.0,2000.0,
2005-0575-AFG,Natural,Earthquake,Ground movement,Afghanistan,AFG,Asia,Southern Asia,34.539,73.588,2005,10.0,1.0,,,50.0
2005-0575-PAK,Natural,Earthquake,Ground movement,Pakistan,PAK,Asia,Southern Asia,34.539,73.588,2005,10.0,73338.0,,5128309.0,5200000.0
2005-0654-IRN,Natural,Earthquake,Ground movement,Iran (Islamic Republic of),IRN,Asia,Southern Asia,26.774,55.858,2005,11.0,13.0,,100.0,
2005-0671-COD,Natural,Earthquake,Ground movement,Democratic Republic of the Congo,COD,Africa,Sub-Saharan Africa,-6.224,29.83,2005,12.0,6.0,,1505.0,
2006-0038-BRA,Natural,Flood,Flash flood,Brazil,BRA,Americas,Latin America and the Caribbean,-22.56,-43.36,2006,1.0,12.0,,,
2006-0039-BOL,Natural,Flood,Riverine flood,Bolivia (Plurinational State of),BOL,Americas,Latin America and the Caribbean,-16.03,-63.43,2006,1.0,25.0,126075.0,126096.0,35000.0
2006-0073-FJI,Natural,Storm,Tropical cyclone,Fiji,FJI,Oceania,Melanesia,-17.82,177.68,2006,1.0,,168.0,168.0,
2006-0093-ECU,Natural,Flood,Riverine flood,Ecuador,ECU,Americas,Latin America and the Caribbean,-2.23,-79.98,2006,2.0,16.0,57670.0,57670.0,2800.0
2006-0095-YEM,Natural,Flood,Flash flood,Yemen,YEM,Asia,Western Asia,14.54,44.18,2006,2.0,5.0,,2000.0,
2006-0139-AUS,Natural,Storm,Tropical cyclone,Australia,AUS,Oceania,Australia and New Zealand,-17.91,145.54,2006,3.0,,,7030.0,1180000.0
2006-0140-COL,Natural,Flood,Riverine flood,Colombia,COL,Americas,Latin America and the Caribbean,5.43,-75.6,2006,1.0,150.0,221238.0,221465.0,
2006-0155-AUS,Natural,Storm,Tropical cyclone,Australia,AUS,Oceania,Australia and New Zealand,-25.68,115.13,2006,3.0,,500.0,500.0,
2006-0156-SCG,Natural,Flood,Riverine flood,Serbia Montenegro,SCG,Europe,Southern Europe,45.26,20.75,2006,4.0,,35000.0,35000.0,
2006-0201-BRA,Natural,Flood,Riverine flood,Brazil,BRA,Americas,Latin America and the Caribbean,2.81,-52.29,2006,3.0,8.0,116000.0,116000.0,
2006-0209-ROU,Natural,Flood,Riverine flood,Romania,ROU,Europe,Eastern Europe,44.5,23.87,2006,4.0,,,,
2006-0250-CHN,Natural,Flood,Riverine flood,China,CHN,Asia,Eastern Asia,26.92,106.58,2006,4.0,22.0,36900.0,36900.0,36000.0
2006-0251-CHN,Natural,Storm,Tropical cyclone,China,CHN,Asia,Eastern Asia,25.97,118.77,2006,5.0,23.0,3150000.0,3150000.0,475000.0
2006-0269-CAN,Natural,Flood,Riverine flood,Canada,CAN,Americas,Northern America,50.13,-99.99,2006,5.0,1.0,400.0,400.0,
2006-0270-THA,Natural,Flood,Flash flood,Thailand,THA,Asia,South-eastern Asia,18.18,100.15,2006,5.0,116.0,342895.0,342895.0,25000.0
2006-0271-AFG,Natural,Flood,Riverine flood,Afghanistan,AFG,Asia,Southern Asia,34.52,65.56,2006,5.0,21.0,465.0,615.0,
2006-0298-CHN,Natural,Flood,Flash flood,China,CHN,Asia,Eastern Asia,25.51,106.51,2006,6.0,50.0,,12000.0,141000.0
2006-0299-TWN,Natural,Flood,Riverine flood,Taiwan (Province of China),TWN,Asia,Eastern Asia,24.07,120.79,2006,6.0,3.0,300.0,300.0,116130.0
2006-0339-CHN,Natural,Flood,Riverine flood,China,CHN,Asia,Eastern Asia,26.01,108.45,2006,6.0,6.0,270000.0,270000.0,6500.0
2006-0371-CHN,Natural,Flood,Riverine flood,China,CHN,Asia,Eastern Asia,43.32,83.77,2006,7.0,20.0,2400.0,2416.0,
2006-0341-USA,Natural,Flood,Riverine flood,United States of America,USA,Americas,Northern America,40.41,-75.78,2006,6.0,11.0,65000.0,65000.0,1000000.0
2006-0361-PRK,Natural,Flood,Flash flood,Democratic People's Republic of Korea,PRK,Asia,Eastern Asia,37.56,127.17,2006,7.0,278.0,,84500.0,
2006-0502-BGD,Natural,Flood,Riverine flood,Bangladesh,BGD,Asia,Southern Asia,23.23,89.27,2006,8.0,,135775.0,135775.0,
2006-0364-CHN,Natural,Flood,Riverine flood,China,CHN,Asia,Eastern Asia,47.73,128.9,2006,7.0,,4000.0,4000.0,
2006-0365-AFG,Natural,Flood,Riverine flood,Afghanistan,AFG,Asia,Southern Asia,33.06,69.95,2006,7.0,10.0,,,
2006-0370-IND,Natural,Flood,Riverine flood,India,IND,Asia,Southern Asia,19.17,83.65,2006,7.0,33.0,,,
2006-0378-JPN,Natural,Flood,Riverine flood,Japan,JPN,Asia,Eastern Asia,35.34,136.22,2006,6.0,34.0,6200.0,6232.0,
2006-0388-PHL,Natural,Storm,Tropical cyclone,Philippines,PHL,Asia,South-eastern Asia,26.39,117.39,2006,7.0,4.0,200355.0,200355.0,471.0
2006-0392-CHN,Natural,Flood,Flash flood,China,CHN,Asia,Eastern Asia,24.66,102.18,2006,7.0,35.0,,,
2006-0405-TJK,Natural,Earthquake,Ground movement,Tajikistan,TJK,Asia,Central Asia,37.255,68.828,2006,7.0,3.0,15408.0,15427.0,22000.0
2006-0416-AFG,Natural,Flood,Riverine flood,Afghanistan,AFG,Asia,Southern Asia,34.08,69.75,2006,7.0,54.0,,8000.0,
2006-0417-IND,Natural,Flood,Riverine flood,India,IND,Asia,Southern Asia,20.19,73.82,2006,7.0,350.0,,4000065.0,3390000.0
2006-0417-PAK,Natural,Flood,Riverine flood,Pakistan,PAK,Asia,Southern Asia,20.19,73.82,2006,7.0,,,,
2006-0438-ETH,Natural,Flood,Riverine flood,Ethiopia,ETH,Africa,Sub-Saharan Africa,5.24,36.22,2006,8.0,364.0,8000.0,8000.0,
2006-0510-IND,Natural,Storm,Tropical cyclone,India,IND,Asia,Southern Asia,19.73,83.75,2006,9.0,114.0,,150300.0,
2006-0598-USA,Natural,Flood,Riverine flood,United States of America,USA,Americas,Northern America,47.86,-122.15,2006,11.0,2.0,1500.0,1500.0,
2006-0602-LKA,Natural,Flood,Riverine flood,Sri Lanka,LKA,Asia,Southern Asia,7.32,80.03,2006,10.0,25.0,333000.0,333002.0,3000.0
2006-0618-SOM,Natural,Flood,Riverine flood,Somalia,SOM,Africa,Sub-Saharan Africa,4.64,44.6,2006,10.0,52.0,299000.0,299000.0,
2006-0620-CHN,Natural,Earthquake,Ground movement,China,CHN,Asia,Eastern Asia,43.469,119.558,2006,11.0,,12000.0,12000.0,291.0
2006-0648-PHL,Natural,Storm,Tropical cyclone,Philippines,PHL,Asia,South-eastern Asia,10.33,106.74,2006,11.0,1399.0,2560374.0,2562517.0,66400.0
2006-0694-KGZ,Natural,Earthquake,Ground movement,Kyrgyzstan,KGZ,Asia,Central Asia,42.156,76.163,2006,12.0,,12000.0,12050.0,
2007-0010-ZMB,Natural,Flood,Riverine flood,Zambia,ZMB,Africa,Sub-Saharan Africa,-12.95,24.37,2007,1.0,4.0,1400000.0,1400000.0,
2007-0021-MYS,Natural,Flood,Riverine flood,Malaysia,MYS,Asia,South-eastern Asia,2.19,103.37,2007,1.0,17.0,137533.0,137533.0,605000.0
2007-0027-AGO,Natural,Flood,Riverine flood,Angola,AGO,Africa,Sub-Saharan Africa,-8.87,13.36,2007,1.0,105.0,40000.0,40000.0,
2007-0028-BDI,Natural,Flood,Riverine flood,Burundi,BDI,Africa,Sub-Saharan Africa,-3.14,30.4,2007,1.0,4.0,,23000.0,
2007-0040-ZMB,Natural,Flood,Riverine flood,Zambia,ZMB,Africa,Sub-Saharan Africa,-10.62,32.59,2007,1.0,,118755.0,118755.0,
2007-0127-SLB,Natural,Earthquake,Tsunami,Solomon Islands,SLB,Oceania,Melanesia,-8.466,157.043,2007,4.0,52.0,2375.0,2384.0,
2007-0133-NZL,Natural,Storm,Tropical cyclone,New Zealand,NZL,Oceania,Australia and New Zealand,-35.35,173.98,2007,3.0,,300.0,300.0,
2007-0178-AFG,Natural,Flood,Flash flood,Afghanistan,AFG,Asia,Southern Asia,36.52,70.6,2007,5.0,23.0,2000.0,2950.0,
2007-0135-ARG,Natural,Flood,Riverine flood,Argentina,ARG,Americas,Latin America and the Caribbean,-31.99,-59.12,2007,3.0,5.0,70000.0,70000.0,10000.0
2007-0142-THA,Natural,Flood,Flash flood,Thailand,THA,Asia,South-eastern Asia,7.44,99.65,2007,4.0,38.0,,,
2007-0166-CHN,Natural,Flood,Riverine flood,China,CHN,Asia,Eastern Asia,27.2,116.14,2007,6.0,,250000.0,250000.0,13000.0
2007-0167-DOM,Natural,Flood,Riverine flood,Dominican Republic,DOM,Americas,Latin America and the Caribbean,19.55,-71.05,2007,5.0,9.0,16000.0,16000.0,
2007-0170-FRA,Natural,Storm,Storm (General),France,FRA,Europe,Western Europe,43.3,-0.47,2007,5.0,1.0,900.0,900.0,
2007-0181-THA,Natural,Flood,Riverine flood,Thailand,THA,Asia,South-eastern Asia,17.21,100.34,2007,5.0,,1000.0,1000.0,
2007-0185-AFG,Natural,Flood,Riverine flood,Afghanistan,AFG,Asia,Southern Asia,36.29,68.85,2007,5.0,10.0,630.0,645.0,
2007-0201-GBR,Natural,Flood,Riverine flood,United Kingdom of Great Britain and Northern Ireland,GBR,Europe,Northern Europe,52.52,-0.76,2007,6.0,1.0,200.0,200.0,448000.0
2007-0258-JPN,Natural,Earthquake,Ground movement,Japan,JPN,Asia,Eastern Asia,37.535,138.446,2007,7.0,9.0,13000.0,14000.0,12500000.0
2007-0240-IND,Natural,Flood,Riverine flood,India,IND,Asia,Southern Asia,20.05,81.86,2007,6.0,29.0,50000.0,50000.0,
2007-0241-PAK,Natural,Flood,Riverine flood,Pakistan,PAK,Asia,Southern Asia,34.27,71.87,2007,6.0,130.0,2000.0,2000.0,
2007-0251-USA,Natural,Flood,Flash flood,United States of America,USA,Americas,Northern America,42.23,-74.95,2007,6.0,4.0,120.0,120.0,
2007-0255-PAK,Natural,Flood,Flash flood,Pakistan,PAK,Asia,Southern Asia,34.98,72.23,2007,6.0,22.0,500.0,500.0,
2007-0262-JPN,Natural,Storm,Tropical cyclone,Japan,JPN,Asia,Eastern Asia,31.69,130.9,2007,7.0,5.0,40000.0,40012.0,60000.0
2007-0273-ETH,Natural,Flood,Riverine flood,Ethiopia,ETH,Africa,Sub-Saharan Africa,5.45,37.12,2007,6.0,,5800.0,5800.0,
2007-0305-BFA,Natural,Flood,Riverine flood,Burkina Faso,BFA,Africa,Sub-Saharan Africa,11.45,-4.39,2007,7.0,52.0,92970.0,121043.0,
2007-0311-BGD,Natural,Flood,Riverine flood,Bangladesh,BGD,Asia,Southern Asia,23.92,91.23,2007,7.0,1110.0,13771380.0,13771380.0,100000.0
2007-0311-IND,Natural,Flood,Riverine flood,India,IND,Asia,Southern Asia,23.92,91.23,2007,7.0,,,,
2007-0315-CHN,Natural,Flood,Riverine flood,China,CHN,Asia,Eastern Asia,43.09,88.21,2007,7.0,29.0,350000.0,350000.0,80000.0
2007-0316-AFG,Natural,Flood,Flash flood,Afghanistan,AFG,Asia,Southern Asia,34.53,66.13,2007,7.0,9.0,,2500.0,
2007-0360-MEX,Natural,Storm,Tropical cyclone,Mexico,MEX,Americas,Latin America and the Caribbean,14.54,-61.02,2007,8.0,9.0,140000.0,140000.0,600000.0
2007-0360-MTQ,Natural,Storm,Tropical cyclone,Martinique,MTQ,Americas,Latin America and the Caribbean,14.64,-61.02,2007,8.0,1.0,,6.0,300000.0
2007-0380-TWN,Natural,Storm,Tropical cyclone,Taiwan (Province of China),TWN,Asia,Eastern Asia,27.0,119.91,2007,8.0,,,1812.0,25000.0
2007-0439-GTM,Natural,Storm,Tropical cyclone,Guatemala,GTM,Americas,Latin America and the Caribbean,14.62,-83.64,2007,9.0,,3905.0,3905.0,
2007-0393-ROU,Natural,Flood,Riverine flood,Romania,ROU,Europe,Eastern Europe,46.76,25.6,2007,8.0,2.0,1400.0,1400.0,
2007-0402-MRT,Natural,Flood,Riverine flood,Mauritania,MRT,Africa,Sub-Saharan Africa,15.47,-13.97,2007,8.0,1.0,500.0,500.0,
2007-0404-LBR,Natural,Flood,Riverine flood,Liberia,LBR,Africa,Sub-Saharan Africa,6.51,-10.58,2007,8.0,1.0,17000.0,17000.0,
2007-0406-YEM,Natural,Flood,Riverine flood,Yemen,YEM,Asia,Western Asia,15.08,45.73,2007,8.0,50.0,,,
2007-0410-KHM,Natural,Flood,Riverine flood,Cambodia,KHM,Asia,South-eastern Asia,13.28,105.88,2007,8.0,2.0,19000.0,19000.0,1000.0
2007-0419-NGA,Natural,Flood,Riverine flood,Nigeria,NGA,Africa,Sub-Saharan Africa,10.29,11.75,2007,8.0,68.0,50000.0,50000.0,
2007-0425-SOM,Natural,Flood,Riverine flood,Somalia,SOM,Africa,Sub-Saharan Africa,2.98,45.43,2007,9.0,4.0,8000.0,8000.0,
2007-0439-NIC,Natural,Storm,Tropical cyclone,Nicaragua,NIC,Americas,Latin America and the Caribbean,14.62,-83.64,2007,9.0,177.0,188726.0,188726.0,
2007-0442-RWA,Natural,Flood,Riverine flood,Rwanda,RWA,Africa,Sub-Saharan Africa,-1.68,29.42,2007,9.0,20.0,4000.0,4000.0,
2007-0461-HND,Natural,Earthquake,Ground movement,Honduras,HND,Americas,Latin America and the Caribbean,14.828,-87.12,2007,9.0,,,1883.0,
2007-0465-BRA,Natural,Flood,Flood (General),Brazil,BRA,Americas,Latin America and the Caribbean,-30.25,-52.67,2007,9.0,4.0,4000.0,4000.0,
2007-0485-IDN,Natural,Earthquake,Ground movement,Indonesia,IDN,Asia,South-eastern Asia,-7.783,114.338,2007,9.0,,450.0,469.0,
2007-0501-TUN,Natural,Flood,Flash flood,Tunisia,TUN,Africa,Northern Africa,36.95,9.71,2007,10.0,16.0,5000.0,5000.0,
2007-0503-CRI,Natural,Flood,Riverine flood,Costa Rica,CRI,Americas,Latin America and the Caribbean,10.98,-85.44,2007,10.0,19.0,12000.0,12000.0,80000.0
2007-0503-HND,Natural,Flood,Riverine flood,Honduras,HND,Americas,Latin America and the Caribbean,10.98,-85.44,2007,10.0,5.0,15000.0,15000.0,
2007-0521-MEX,Natural,Flood,Riverine flood,Mexico,MEX,Americas,Latin America and the Caribbean,17.67,-92.41,2007,10.0,22.0,1600000.0,1600000.0,3000000.0
2007-0531-VNM,Natural,Flood,Flood (General),Viet Nam,VNM,Asia,South-eastern Asia,11.01,105.51,2007,10.0,3.0,280000.0,280000.0,
2007-0554-BGR,Natural,Flood,Riverine flood,Bulgaria,BGR,Europe,Eastern Europe,41.74,25.62,2007,11.0,2.0,60.0,60.0,
2007-0557-PNG,Natural,Storm,Tropical cyclone,Papua New Guinea,PNG,Oceania,Melanesia,-9.03,149.22,2007,11.0,172.0,162140.0,162140.0,
2007-0562-MNE,Natural,Flood,Flash flood,Montenegro,MNE,Europe,Southern Europe,42.46,20.8,2007,11.0,,1086.0,1086.0,
2007-0568-DZA,Natural,Flood,Riverine flood,Algeria,DZA,Africa,Northern Africa,36.75,2.96,2007,11.0,14.0,1200.0,1203.0,
2007-0572-BRB,Natural,Earthquake,Ground movement,Barbados,BRB,Americas,Latin America and the Caribbean,14.944,-61.274,2007,11.0,,,1.0,
2007-0604-ZWE,Natural,Flood,Riverine flood,Zimbabwe,ZWE,Africa,Sub-Saharan Africa,-16.66,31.24,2007,12.0,3.0,15000.0,15000.0,
2007-0610-IDN,Natural,Flood,Riverine flood,Indonesia,IDN,Asia,South-eastern Asia,-7.54,111.33,2007,12.0,127.0,259545.0,269515.0,
2007-0611-THA,Natural,Flood,Riverine flood,Thailand,THA,Asia,South-eastern Asia,3.89,102.93,2007,12.0,3.0,65000.0,65000.0,
2008-0040-COD,Natural,Earthquake,Ground movement,Democratic Republic of the Congo,COD,Africa,Sub-Saharan Africa,-2.296,28.9,2008,2.0,11.0,17355.0,17355.0,7000.0
2007-0614-MOZ,Natural,Flood,Flood (General),Mozambique,MOZ,Africa,Sub-Saharan Africa,-19.06,34.36,2007,12.0,20.0,113535.0,113535.0,100000.0
2007-0652-BOL,Natural,Flood,Riverine flood,Bolivia (Plurinational State of),BOL,Americas,Latin America and the Caribbean,-17.66,-65.3,2007,12.0,75.0,485000.0,485024.0,500000.0
2008-0070-MDG,Natural,Storm,Tropical cyclone,Madagascar,MDG,Africa,Sub-Saharan Africa,-18.69,46.9,2008,2.0,93.0,332391.0,524153.0,60000.0
2008-0092-IDN,Natural,Flood,Riverine flood,Indonesia,IDN,Asia,South-eastern Asia,-6.8,111.06,2008,2.0,11.0,3500.0,3500.0,
2008-0125-BRA,Natural,Flood,Riverine flood,Brazil,BRA,Americas,Latin America and the Caribbean,-5.36,-41.68,2008,3.0,36.0,190000.0,190000.0,360000.0
2008-0127-KEN,Natural,Flood,Riverine flood,Kenya,KEN,Africa,Sub-Saharan Africa,-3.38,38.17,2008,3.0,,700.0,700.0,
2008-0178-IRN,Natural,Earthquake,Ground movement,Iran (Islamic Republic of),IRN,Asia,Southern Asia,33.86,48.59,2008,5.0,,,170.0,
2008-0226-GRC,Natural,Earthquake,Ground movement,Greece,GRC,Europe,Southern Europe,37.963,21.525,2008,6.0,2.0,3468.0,3708.0,
2008-0242-JPN,Natural,Earthquake,Ground movement,Japan,JPN,Asia,Eastern Asia,39.03,140.881,2008,6.0,23.0,,448.0,167000.0
2008-0245-ZAF,Natural,Flood,Riverine flood,South Africa,ZAF,Africa,Sub-Saharan Africa,-29.67,31.09,2008,6.0,11.0,4000.0,4000.0,1264.0
2008-0249-PHL,Natural,Storm,Tropical cyclone,Philippines,PHL,Asia,South-eastern Asia,13.16,122.6,2008,6.0,644.0,4784634.0,4785460.0,284694.0
2008-0384-HTI,Natural,Storm,Tropical cyclone,Haiti,HTI,Americas,Latin America and the Caribbean,18.46,-71.69,2008,9.0,74.0,125000.0,125050.0,
2008-0380-IRN,Natural,Flood,Riverine flood,Iran (Islamic Republic of),IRN,Asia,Southern Asia,53.26,-1.8,2008,9.0,19.0,200.0,200.0,
2008-0381-GBR,Natural,Flood,Flash flood,United Kingdom of Great Britain and Northern Ireland,GBR,Europe,Northern Europe,53.26,-1.8,2008,9.0,8.0,3000.0,3000.0,50000.0
2008-0385-BGD,Natural,Flood,Riverine flood,Bangladesh,BGD,Asia,Southern Asia,21.02,90.21,2008,8.0,12.0,600000.0,615638.0,
2008-0417-IRN,Natural,Flood,Riverine flood,Iran (Islamic Republic of),IRN,Asia,Southern Asia,39.24,44.69,2008,8.0,3.0,1200.0,1280.0,
2008-0455-CHN,Natural,Earthquake,Ground movement,China,CHN,Asia,Eastern Asia,29.807,90.35,2008,10.0,30.0,,754.0,
2008-0484-BLZ,Natural,Flood,Riverine flood,Belize,BLZ,Americas,Latin America and the Caribbean,15.86,-89.28,2008,10.0,1.0,38000.0,38000.0,9697.0
2008-0498-MAR,Natural,Flood,Flash flood,Morocco,MAR,Africa,Northern Africa,33.73,-4.77,2008,10.0,30.0,20000.0,20000.0,
2008-0501-VNM,Natural,Flood,Riverine flood,Viet Nam,VNM,Asia,South-eastern Asia,20.74,106.32,2008,10.0,99.0,600000.0,600000.0,479000.0
2008-0517-ETH,Natural,Flood,Riverine flood,Ethiopia,ETH,Africa,Sub-Saharan Africa,0.83,43.06,2008,11.0,11.0,23831.0,23831.0,
2008-0536-IDN,Natural,Earthquake,Ground movement,Indonesia,IDN,Asia,South-eastern Asia,1.271,122.091,2008,11.0,6.0,10000.0,10077.0,
2008-0547-THA,Natural,Flood,Flash flood,Thailand,THA,Asia,South-eastern Asia,7.55,100.1,2008,11.0,21.0,700000.0,700000.0,11500.0
2008-0549-BRA,Natural,Flood,Riverine flood,Brazil,BRA,Americas,Latin America and the Caribbean,-25.1,-49.34,2008,11.0,151.0,1500000.0,1500015.0,750000.0
2008-0559-COL,Natural,Flood,Riverine flood,Colombia,COL,Americas,Latin America and the Caribbean,9.0,-74.23,2008,9.0,76.0,1200000.0,1200091.0,
2008-0570-MYS,Natural,Flood,Riverine flood,Malaysia,MYS,Asia,South-eastern Asia,4.94,101.8,2008,12.0,,2000.0,2000.0,
2008-0571-PHL,Natural,Flood,Riverine flood,Philippines,PHL,Asia,South-eastern Asia,17.2,121.8,2008,12.0,29.0,,50000.0,
2008-0588-CHN,Natural,Earthquake,Ground movement,China,CHN,Asia,Eastern Asia,23.97,97.569,2008,12.0,,27000.0,27169.0,
2008-0591-PAK,Natural,Flood,Riverine flood,Pakistan,PAK,Asia,Southern Asia,30.74,72.63,2008,8.0,37.0,90752.0,90752.0,
2008-0634-THA,Natural,Flood,Flash flood,Thailand,THA,Asia,South-eastern Asia,6.64,101.1,2008,12.0,,32584.0,32584.0,344.0
2008-0615-IND,Natural,Flood,Riverine flood,India,IND,Asia,Southern Asia,27.5,89.79,2008,7.0,142.0,225000.0,225000.0,
2008-0628-MOZ,Natural,Flood,Riverine flood,Mozambique,MOZ,Africa,Sub-Saharan Africa,-22.92,34.03,2008,12.0,25.0,3500.0,3500.0,
2009-0001-IDN,Natural,Earthquake,Ground movement,Indonesia,IDN,Asia,South-eastern Asia,-0.414,132.885,2009,1.0,5.0,4000.0,4250.0,10000.0
2009-0081-BIH,Natural,Flood,Riverine flood,Bosnia and Herzegovina,BIH,Europe,Southern Europe,43.5,18.18,2009,2.0,,2630.0,2630.0,
2009-0121-IDN,Natural,Flood,Riverine flood,Indonesia,IDN,Asia,South-eastern Asia,6.55,106.36,2009,3.0,64.0,1600.0,1600.0,
2009-0198-HTI,Natural,Flood,Riverine flood,Haiti,HTI,Americas,Latin America and the Caribbean,19.56,-72.33,2009,5.0,11.0,,9910.0,
2009-0204-BGD,Natural,Storm,Tropical cyclone,Bangladesh,BGD,Asia,Southern Asia,22.16,89.09,2009,5.0,190.0,3928238.0,3935341.0,270000.0
2009-0205-HND,Natural,Earthquake,Ground movement,Honduras,HND,Americas,Latin America and the Caribbean,16.731,-86.217,2009,5.0,7.0,50000.0,50136.0,100000.0
2009-0233-BWA,Natural,Flood,Riverine flood,Botswana,BWA,Africa,Sub-Saharan Africa,-16.7,23.32,2009,5.0,,3789.0,3789.0,
2009-0234-NIC,Natural,Flood,Riverine flood,Nicaragua,NIC,Americas,Latin America and the Caribbean,13.42,-88.64,2009,6.0,,64.0,64.0,
2009-0266-PAK,Natural,Flood,Riverine flood,Pakistan,PAK,Asia,Southern Asia,24.99,67.19,2009,7.0,52.0,,70.0,
2009-0292-CHN,Natural,Flood,Riverine flood,China,CHN,Asia,Eastern Asia,25.31,112.71,2009,7.0,90.0,39372000.0,39372000.0,1000000.0
2009-0531-BRA,Natural,Flood,Riverine flood,Brazil,BRA,Americas,Latin America and the Caribbean,56.4778,31.26,2009,11.0,11.0,10000.0,10000.0,50000.0
2009-0320-JPN,Natural,Earthquake,Tsunami,Japan,JPN,Asia,Eastern Asia,34.743,138.264,2009,8.0,1.0,25000.0,25319.0,400000.0
2009-0332-SLE,Natural,Flood,Riverine flood,Sierra Leone,SLE,Africa,Sub-Saharan Africa,8.57,-12.73,2009,8.0,103.0,1455.0,1470.0,
2009-0354-IDN,Natural,Earthquake,Ground movement,Indonesia,IDN,Asia,South-eastern Asia,-7.782,107.297,2009,9.0,128.0,338350.0,339792.0,160000.0
2009-0366-ALB,Natural,Earthquake,Ground movement,Albania,ALB,Europe,Southern Europe,41.483,20.388,2009,9.0,,,150.0,
2009-0367-MEX,Natural,Flood,Riverine flood,Mexico,MEX,Americas,Latin America and the Caribbean,19.5,-99.25,2009,9.0,4.0,1500.0,1500.0,
2009-0613-CHN,Natural,Flood,Riverine flood,China,CHN,Asia,Eastern Asia,30.86,101.18,2009,7.0,20.0,,38.0,33000.0
2010-0168-COL,Natural,Flood,Riverine flood,Colombia,COL,Americas,Latin America and the Caribbean,4.113,-72.96,2010,4.0,418.0,2791536.0,2791999.0,1000000.0
2009-0420-WSM,Natural,Earthquake,Tsunami,Samoa,WSM,Oceania,Polynesia,-15.489,-172.095,2009,9.0,148.0,5274.0,5584.0,124040.0
2009-0429-IND,Natural,Flood,Riverine flood,India,IND,Asia,Southern Asia,15.71,78.23,2009,9.0,355.0,4100000.0,4100000.0,2150000.0
2009-0612-LAO,Natural,Flood,Riverine flood,Lao People's Democratic Republic,LAO,Asia,South-eastern Asia,17.83,104.79,2009,8.0,10.0,,,
2009-0493-IRN,Natural,Earthquake,Ground movement,Iran (Islamic Republic of),IRN,Asia,Southern Asia,27.334,56.202,2009,11.0,,,269.0,
2009-0497-GBR,Natural,Flood,Riverine flood,United Kingdom of Great Britain and Northern Ireland,GBR,Europe,Northern Europe,54.0,-1.66,2009,11.0,3.0,3900.0,3900.0,484000.0
2009-0509-ARG,Natural,Flood,Riverine flood,Argentina,ARG,Americas,Latin America and the Caribbean,-32.99,-59.05,2009,11.0,7.0,30618.0,30618.0,
2009-0522-SAU,Natural,Flood,Riverine flood,Saudi Arabia,SAU,Asia,Western Asia,40.23,21.24,2009,11.0,161.0,,10000.0,900000.0
2009-0547-MWI,Natural,Earthquake,Ground movement,Malawi,MWI,Africa,Sub-Saharan Africa,-9.948,33.878,2009,12.0,1.0,,15015.0,
2009-0551-LKA,Natural,Flood,Flash flood,Sri Lanka,LKA,Asia,Southern Asia,8.02,81.27,2009,12.0,3.0,300000.0,300000.0,
2010-0369-PRK,Natural,Flood,Riverine flood,Democratic People's Republic of Korea,PRK,Asia,Eastern Asia,39.59,125.71,2010,7.0,,17000.0,17000.0,
2009-0614-MEX,Natural,Flood,Riverine flood,Mexico,MEX,Americas,Latin America and the Caribbean,16.45,-96.97,2009,7.0,11.0,,,
2010-0002-TJK,Natural,Earthquake,Ground movement,Tajikistan,TJK,Asia,Central Asia,38.245,71.467,2010,1.0,,6706.0,7840.0,1500.0
2010-0017-HTI,Natural,Earthquake,Ground movement,Haiti,HTI,Americas,Latin America and the Caribbean,18.443,-72.571,2010,1.0,222570.0,3400000.0,3700000.0,8000000.0
2010-0065-PER,Natural,Flood,Riverine flood,Peru,PER,Americas,Latin America and the Caribbean,-4.68,-78.29,2010,2.0,20.0,80000.0,80000.0,
2010-0170-ISL,Natural,Volcanic activity,Ash fall,Iceland,ISL,Europe,Northern Europe,63.62959,-19.64,2010,3.0,,,,
2010-0091-CHL,Natural,Earthquake,Tsunami,Chile,CHL,Americas,Latin America and the Caribbean,-36.122,-72.898,2010,2.0,562.0,1861222.0,2671556.0,30000000.0
2010-0092-HTI,Natural,Flood,Riverine flood,Haiti,HTI,Americas,Latin America and the Caribbean,18.42,73.77,2010,2.0,27.0,22085.0,22085.0,
2010-0117-ESP,Natural,Flood,Riverine flood,Spain,ESP,Europe,Southern Europe,38.98,-4.04,2010,2.0,,7500.0,7500.0,
2010-0274-ECU,Natural,Volcanic activity,Ash fall,Ecuador,ECU,Americas,Latin America and the Caribbean,-1.467,-78.442,2010,5.0,,2500.0,2500.0,
2010-0275-UKR,Natural,Flood,Riverine flood,Ukraine,UKR,Europe,Eastern Europe,48.59,24.79,2010,6.0,6.0,40000.0,40059.0,1900.0
2010-0279-DOM,Natural,Flood,Riverine flood,Dominican Republic,DOM,Americas,Latin America and the Caribbean,19.25,-70.39,2010,7.0,6.0,9500.0,9500.0,
2010-0280-LBR,Natural,Flood,Riverine flood,Liberia,LBR,Africa,Sub-Saharan Africa,6.01,-7.2,2010,6.0,1.0,15486.0,15486.0,
2010-0308-PHL,Natural,Storm,Tropical cyclone,Philippines,PHL,Asia,South-eastern Asia,17.1,121.47,2010,7.0,146.0,585383.0,585474.0,8675.0
2010-0319-SDN,Natural,Flood,Riverine flood,Sudan,SDN,Africa,Northern Africa,18.7,36.7,2010,7.0,33.0,,10000.0,
2010-0320-YEM,Natural,Flood,Riverine flood,Yemen,YEM,Asia,Western Asia,16.73,47.92,2010,7.0,15.0,,,
2010-0465-AUS,Natural,Flood,Riverine flood,Australia,AUS,Oceania,Australia and New Zealand,-38.07,143.32,2010,9.0,,10000.0,10000.0,
2010-0512-IDN,Natural,Flood,Flash flood,Indonesia,IDN,Asia,South-eastern Asia,-1.22,132.81,2010,10.0,291.0,9011.0,12428.0,78000.0
2010-0522-USA,Natural,Storm,Tropical cyclone,United States of America,USA,Americas,Northern America,28.89,-97.06,2010,9.0,8.0,,,240000.0
2010-0576-IDN,Natural,Flood,Flash flood,Indonesia,IDN,Asia,South-eastern Asia,-8.672,121.6,2010,11.0,16.0,200.0,200.0,
2010-0585-PHL,Natural,Flood,Riverine flood,Philippines,PHL,Asia,South-eastern Asia,17.71,121.8,2010,11.0,16.0,450673.0,450673.0,
2010-0676-BGD,Natural,Flood,Riverine flood,Bangladesh,BGD,Asia,Southern Asia,24.21,91.03,2010,10.0,15.0,500000.0,500000.0,
2011-0079-CHN,Natural,Earthquake,Ground movement,China,CHN,Asia,Eastern Asia,24.727,97.957,2011,3.0,25.0,,5440.0,290000.0
2011-0021-PHL,Natural,Flood,Riverine flood,Philippines,PHL,Asia,South-eastern Asia,9.40044,125.78,2011,1.0,23.0,638254.0,638418.0,12411.0
2011-0024-LKA,Natural,Flood,Riverine flood,Sri Lanka,LKA,Asia,Southern Asia,7.603,81.25,2011,1.0,47.0,,1060324.0,200000.0
2011-0030-CHN,Natural,Earthquake,Ground movement,China,CHN,Asia,Eastern Asia,24.693,97.943,2011,2.0,,,64501.0,
2011-0042-AFG,Natural,Flood,Riverine flood,Afghanistan,AFG,Asia,Southern Asia,35.0754,63.99,2011,2.0,25.0,3000.0,3065.0,
2011-0090-THA,Natural,Earthquake,Ground movement,Thailand,THA,Asia,South-eastern Asia,20.687,99.822,2011,3.0,1.0,,16.0,
2011-0166-USA,Natural,Flood,Riverine flood,United States of America,USA,Americas,Northern America,34.1,-90.83,2011,5.0,1.0,25000.0,25000.0,
2011-0185-SRB,Natural,Flood,Riverine flood,Serbia,SRB,Europe,Southern Europe,43.05,20.87,2011,5.0,,5000.0,5000.0,
2011-0199-DOM,Natural,Flood,Riverine flood,Dominican Republic,DOM,Americas,Latin America and the Caribbean,18.59,-71.99,2011,6.0,4.0,11200.0,11200.0,
2011-0243-UZB,Natural,Earthquake,Ground movement,Uzbekistan,UZB,Asia,Central Asia,40.081,71.41,2011,7.0,13.0,86.0,86.0,
2011-0326-THA,Natural,Flood,Riverine flood,Thailand,THA,Asia,South-eastern Asia,17.038,102.82,2011,8.0,813.0,9500000.0,9500000.0,40000000.0
2011-0351-CHN,Natural,Earthquake,Ground movement,China,CHN,Asia,Eastern Asia,27.73,88.155,2011,9.0,7.0,,5136.0,
2011-0364-KHM,Natural,Flood,Riverine flood,Cambodia,KHM,Asia,South-eastern Asia,12.004,105.5,2011,8.0,247.0,1640000.0,1640023.0,521000.0
2011-0376-UGA,Natural,Flood,Riverine flood,Uganda,UGA,Africa,Sub-Saharan Africa,1.664,33.67,2011,8.0,27.0,63075.0,63075.0,
2011-0387-CHN,Natural,Earthquake,Ground movement,China,CHN,Asia,Eastern Asia,43.015,88.247,2011,6.0,,250.0,258.0,
2011-0388-NZL,Natural,Earthquake,Ground movement,New Zealand,NZL,Oceania,Australia and New Zealand,-43.564,172.743,2011,6.0,1.0,,345.0,3000000.0
2011-0389-IDN,Natural,Earthquake,Ground movement,Indonesia,IDN,Asia,South-eastern Asia,2.965,97.893,2011,9.0,10.0,,,5850.0
2011-0413-GHA,Natural,Flood,Riverine flood,Ghana,GHA,Africa,Sub-Saharan Africa,5.5847,-0.95,2011,10.0,14.0,81461.0,81473.0,
2011-0426-KOR,Natural,Flood,Riverine flood,Republic of Korea,KOR,Asia,Eastern Asia,37.851,126.87,2011,7.0,53.0,29000.0,29000.0,52000.0
2011-0427-BRA,Natural,Flood,Riverine flood,Brazil,BRA,Americas,Latin America and the Caribbean,-30.34,-52.64,2011,7.0,3.0,,3000.0,
2011-0504-KEN,Natural,Flood,Riverine flood,Kenya,KEN,Africa,Sub-Saharan Africa,0.385,36.12,2011,11.0,25.0,91692.0,91692.0,
2011-0519-PHL,Natural,Storm,Tropical cyclone,Philippines,PHL,Asia,South-eastern Asia,8.526,124.88,2011,12.0,1439.0,1144229.0,1150300.0,38082.0
2011-0523-AGO,Natural,Flood,Riverine flood,Angola,AGO,Africa,Sub-Saharan Africa,-6.284,15.46,2011,12.0,,5500.0,5500.0,
2013-0284-NOR,Natural,Flood,Riverine flood,Norway,NOR,Europe,Northern Europe,61.2832,10.478,2013,5.0,,500.0,500.0,
2012-0072-TZA,Natural,Flood,Riverine flood,United Republic of Tanzania,TZA,Africa,Sub-Saharan Africa,-1.83097,34.79,2012,3.0,10.0,,,
2013-0123-KEN,Natural,Flood,Riverine flood,Kenya,KEN,Africa,Sub-Saharan Africa,2.46174,36.72,2013,3.0,96.0,100000.0,100020.0,36000.0
2012-0020-PER,Natural,Earthquake,Ground movement,Peru,PER,Americas,Latin America and the Caribbean,-14.168,-75.635,2012,1.0,,2905.0,4435.0,
2012-0024-FJI,Natural,Flood,Riverine flood,Fiji,FJI,Oceania,Melanesia,-17.784,178.08,2012,1.0,10.0,4561.0,4561.0,17000.0
2012-0033-BGR,Natural,Flood,Riverine flood,Bulgaria,BGR,Europe,Eastern Europe,42.555,24.26,2012,2.0,5.0,37950.0,37950.0,4400.0
2012-0338-CHN,Natural,Earthquake,Ground movement,China,CHN,Asia,Eastern Asia,43.433,84.7,2012,6.0,,155000.0,155052.0,68000.0
2012-0069-FJI,Natural,Flood,Riverine flood,Fiji,FJI,Oceania,Melanesia,-17.798,178.02,2012,3.0,5.0,14984.0,14984.0,72000.0
2012-0114-HTI,Natural,Flood,Riverine flood,Haiti,HTI,Americas,Latin America and the Caribbean,19.4433,-72.58,2012,4.0,9.0,11000.0,11000.0,
2012-0124-MEX,Natural,Earthquake,Ground movement,Mexico,MEX,Americas,Latin America and the Caribbean,16.493,-98.231,2012,3.0,2.0,45000.0,49011.0,320000.0
2012-0188-SAU,Natural,Flood,Riverine flood,Saudi Arabia,SAU,Asia,Western Asia,20.5946,51.01,2012,4.0,19.0,,,
2012-0136-CHN,Natural,Flood,Riverine flood,China,CHN,Asia,Eastern Asia,32.452,106.493,2012,5.0,53.0,185000.0,185000.0,316333.0
2012-0142-ITA,Natural,Earthquake,Ground movement,Italy,ITA,Europe,Southern Europe,44.89,11.23,2012,5.0,7.0,11000.0,11050.0,15800000.0
2012-0173-CHN,Natural,Flood,Riverine flood,China,CHN,Asia,Eastern Asia,33.4553,106.94,2012,6.0,91.0,17440000.0,17440000.0,1200000.0
2012-0176-USA,Natural,Storm,Tropical cyclone,United States of America,USA,Americas,Northern America,28.9635,-82.5,2012,6.0,9.0,17000.0,17001.0,210000.0
2012-0186-NPL,Natural,Flood,Riverine flood,Nepal,NPL,Asia,Southern Asia,28.524,83.83,2012,5.0,72.0,,5.0,1000.0
2012-0187-COL,Natural,Flood,Riverine flood,Colombia,COL,Americas,Latin America and the Caribbean,3.606,-73.07,2012,4.0,17.0,56000.0,56000.0,40000.0
2012-0319-MMR,Natural,Flood,Riverine flood,Myanmar,MMR,Asia,South-eastern Asia,16.5919,97.85,2012,7.0,2.0,85000.0,85000.0,
2012-0318-SEN,Natural,Flood,Riverine flood,Senegal,SEN,Africa,Sub-Saharan Africa,14.46,-15.49,2012,8.0,19.0,57000.0,57000.0,10000.0
2012-0343-CRI,Natural,Earthquake,Ground movement,Costa Rica,CRI,Americas,Latin America and the Caribbean,10.085,-85.315,2012,9.0,2.0,537.0,762.0,45000.0
2012-0380-UGA,Natural,Flood,Riverine flood,Uganda,UGA,Africa,Sub-Saharan Africa,2.65,32.72,2012,8.0,,15000.0,15000.0,
2012-0382-IND,Natural,Flood,Riverine flood,India,IND,Asia,Southern Asia,26.8,93.63,2012,9.0,21.0,2000000.0,2000000.0,98000.0
2012-0398-IDN,Natural,Earthquake,Ground movement,Indonesia,IDN,Asia,South-eastern Asia,-1.315,120.096,2012,8.0,6.0,5485.0,7883.0,
2012-0407-GTM,Natural,Earthquake,Ground movement,Guatemala,GTM,Americas,Latin America and the Caribbean,13.988,-91.895,2012,11.0,44.0,1321564.0,1321742.0,210000.0
2012-0425-IND,Natural,Storm,Tropical cyclone,India,IND,Asia,Southern Asia,11.82,78.08,2012,11.0,40.0,70000.0,70000.0,
2012-0471-IRN,Natural,Flood,Riverine flood,Iran (Islamic Republic of),IRN,Asia,Southern Asia,36.53,54.26,2012,10.0,7.0,1000.0,1000.0,
2012-0475-PAK,Natural,Flood,Riverine flood,Pakistan,PAK,Asia,Southern Asia,35.03,73.52,2012,8.0,26.0,1200.0,1200.0,
2012-0476-SSD,Natural,Flood,Riverine flood,South Sudan,SSD,Africa,Sub-Saharan Africa,9.69,30.21,2012,8.0,32.0,154000.0,154000.0,
2013-0286-USA,Natural,Flood,Riverine flood,United States of America,USA,Americas,Northern America,28.899,-98.89,2013,5.0,3.0,300.0,300.0,2000.0
2013-0011-MWI,Natural,Flood,Riverine flood,Malawi,MWI,Africa,Sub-Saharan Africa,-15.6178,35.02,2013,1.0,3.0,33000.0,33000.0,
2013-0029-SLB,Natural,Earthquake,Tsunami,Solomon Islands,SLB,Oceania,Melanesia,-10.799,165.114,2013,2.0,10.0,3329.0,3329.0,2000.0
2013-0039-LKA,Natural,Flood,Riverine flood,Sri Lanka,LKA,Asia,Southern Asia,7.59777,80.92,2013,1.0,52.0,56747.0,56747.0,
2013-0058-COL,Natural,Earthquake,Ground movement,Colombia,COL,Americas,Latin America and the Caribbean,1.135,-77.393,2013,2.0,,9500.0,10015.0,4000.0
2013-0063-IDN,Natural,Flood,Riverine flood,Indonesia,IDN,Asia,South-eastern Asia,1.0256,124.51,2013,2.0,17.0,58040.0,58040.0,2000.0
2013-0079-MUS,Natural,Flood,Flash flood,Mauritius,MUS,Africa,Sub-Saharan Africa,-20.2305,57.52,2013,3.0,11.0,,82.0,2000.0
2013-0081-CHN,Natural,Earthquake,Ground movement,China,CHN,Asia,Eastern Asia,25.98,99.812,2013,3.0,,417170.0,427740.0,56000.0
2013-0214-PRY,Natural,Flood,Riverine flood,Paraguay,PRY,Americas,Latin America and the Caribbean,-24.146,-57.65,2013,6.0,,61400.0,61400.0,
2013-0235-IDN,Natural,Earthquake,Ground movement,Indonesia,IDN,Asia,South-eastern Asia,4.645,96.665,2013,7.0,48.0,53403.0,55935.0,130000.0
2013-0242-CHN,Natural,Earthquake,Ground movement,China,CHN,Asia,Eastern Asia,34.512,104.262,2013,7.0,95.0,123000.0,123887.0,1000000.0
2013-0281-KEN,Natural,Flood,Riverine flood,Kenya,KEN,Africa,Sub-Saharan Africa,1.66076,35.21,2013,8.0,,5000.0,5000.0,
2013-0259-CHN,Natural,Flood,Riverine flood,China,CHN,Asia,Eastern Asia,30.4563,104.02,2013,7.0,233.0,3500000.0,3500000.0,4621600.0
2013-0288-SOM,Natural,Flood,Riverine flood,Somalia,SOM,Africa,Sub-Saharan Africa,2.16964,43.66,2013,5.0,7.0,50000.0,50000.0,
2013-0297-FRA,Natural,Flood,Riverine flood,France,FRA,Europe,Western Europe,43.2579,2.54,2013,3.0,1.0,1200.0,1200.0,
2013-0381-PAK,Natural,Earthquake,Ground movement,Pakistan,PAK,Asia,Southern Asia,26.951,65.5009,2013,9.0,399.0,185150.0,185749.0,100000.0
2013-0511-CUB,Natural,Flood,Riverine flood,Cuba,CUB,Americas,Latin America and the Caribbean,22.9043,-81.4,2013,12.0,2.0,227.0,227.0,
2013-0581-CHN,Natural,Earthquake,Ground movement,China,CHN,Asia,Eastern Asia,40.253,78.944,2013,12.0,,,2000.0,
2013-0428-IDN,Natural,Flood,Riverine flood,Indonesia,IDN,Asia,South-eastern Asia,2.954,99.677,2013,10.0,,16000.0,16000.0,
2013-0470-CHN,Natural,Earthquake,Ground movement,China,CHN,Asia,Eastern Asia,44.5993,124.1681,2013,11.0,,58300.0,58300.0,
2013-0531-VCT,Natural,Flood,Riverine flood,Saint Vincent and the Grenadines,VCT,Americas,Latin America and the Caribbean,13.9188,-60.99,2013,12.0,12.0,16885.0,17422.0,108000.0
2013-0552-BRA,Natural,Flood,Riverine flood,Brazil,BRA,Americas,Latin America and the Caribbean,-18.9538,-41.94,2013,12.0,64.0,,43300.0,540000.0
2013-0572-GBR,Natural,Flood,Riverine flood,United Kingdom of Great Britain and Northern Ireland,GBR,Europe,Northern Europe,53.2732,-1.51,2013,12.0,2.0,600.0,600.0,1500000.0
2014-0026-ITA,Natural,Flood,Flash flood,Italy,ITA,Europe,Southern Europe,43.9958,7.1,2014,1.0,2.0,600.0,1601.0,120000.0
2014-0086-CHN,Natural,Earthquake,Ground movement,China,CHN,Asia,Eastern Asia,35.9053,82.5864,2014,2.0,,450000.0,450000.0,174000.0
2014-0334-PER,Natural,Earthquake,Ground movement,Peru,PER,Americas,Latin America and the Caribbean,-13.843,-71.695,2014,9.0,8.0,600.0,604.0,
2014-0094-CHL,Natural,Earthquake,Ground movement,Chile,CHL,Americas,Latin America and the Caribbean,-19.61,-70.769,2014,4.0,6.0,513387.0,513387.0,100000.0
2014-0111-NIC,Natural,Earthquake,Ground movement,Nicaragua,NIC,Americas,Latin America and the Caribbean,11.642,-85.8779,2014,4.0,2.0,12015.0,12281.0,3000.0
2014-0127-MEX,Natural,Earthquake,Ground movement,Mexico,MEX,Americas,Latin America and the Caribbean,17.397,-100.9723,2014,4.0,,381.0,381.0,
2014-0128-ROU,Natural,Flood,Riverine flood,Romania,ROU,Europe,Eastern Europe,44.0617,24.49,2014,4.0,,525.0,525.0,
2014-0128-SRB,Natural,Flood,Riverine flood,Serbia,SRB,Europe,Southern Europe,44.0617,24.49,2014,4.0,,3000.0,3000.0,
2014-0129-CHN,Natural,Earthquake,Ground movement,China,CHN,Asia,Eastern Asia,28.174,103.619,2014,4.0,,75000.0,75021.0,80000.0
2014-0174-TUR,Natural,Earthquake,Ground movement,Türkiye,TUR,Asia,Western Asia,40.2893,25.3889,2014,5.0,,,324.0,
2014-0177-CHN,Natural,Earthquake,Ground movement,China,CHN,Asia,Eastern Asia,24.9997,97.845,2014,5.0,,184678.0,184723.0,2000.0
2014-0234-GTM,Natural,Earthquake,Ground movement,Guatemala,GTM,Americas,Latin America and the Caribbean,14.724,-92.4614,2014,7.0,1.0,84679.0,94783.0,
2014-0281-CHN,Natural,Earthquake,Ground movement,China,CHN,Asia,Eastern Asia,27.1891,103.4086,2014,8.0,731.0,1117100.0,1120513.0,5000000.0
2015-0011-MWI,Natural,Flood,Riverine flood,Malawi,MWI,Africa,Sub-Saharan Africa,-18.795,35.36,2015,1.0,278.0,638000.0,638645.0,390000.0
2015-0444-GTM,Natural,Mass movement (wet),Landslide (wet),Guatemala,GTM,Americas,Latin America and the Caribbean,14.826,-90.613,2015,10.0,350.0,1086.0,1112.0,5000.0
2015-0086-COL,Natural,Earthquake,Ground movement,Colombia,COL,Americas,Latin America and the Caribbean,6.7757,-72.9875,2015,3.0,,40835.0,41236.0,
2015-0090-AGO,Natural,Flood,Flood (General),Angola,AGO,Africa,Sub-Saharan Africa,-8.81664,13.68,2015,3.0,1.0,2000.0,2000.0,
2015-0116-HTI,Natural,Flood,Riverine flood,Haiti,HTI,Americas,Latin America and the Caribbean,18.695,-72.19,2015,4.0,6.0,45000.0,45000.0,
2015-0145-PAK,Natural,Flood,Flash flood,Pakistan,PAK,Asia,Southern Asia,33.5131,71.89,2015,4.0,49.0,4800.0,5067.0,1000.0
2015-0206-NZL,Natural,Flood,Flood (General),New Zealand,NZL,Oceania,Australia and New Zealand,-41.092,175.35,2015,5.0,1.0,100.0,100.0,100000.0
2015-0382-MEX,Natural,Flood,Riverine flood,Mexico,MEX,Americas,Latin America and the Caribbean,19.4811,-103.43,2015,3.0,,3000.0,3000.0,
2015-0448-NGA,Natural,Flood,Riverine flood,Nigeria,NGA,Africa,Sub-Saharan Africa,9.953,11.528,2015,9.0,53.0,100420.0,100420.0,25000.0
2015-0482-DZA,Natural,Flood,Flood (General),Algeria,DZA,Africa,Northern Africa,28.334,-6.955,2015,10.0,,35000.0,35000.0,
2015-0512-KGZ,Natural,Earthquake,Ground movement,Kyrgyzstan,KGZ,Asia,Central Asia,40.376,73.204,2015,11.0,,11490.0,16780.0,12000.0
2015-0550-ECU,Natural,Volcanic activity,Volcanic activity (General),Ecuador,ECU,Americas,Latin America and the Caribbean,-1.467,-78.442,2015,11.0,,130042.0,130042.0,
2018-0159-CHN,Natural,Flood,Flood (General),China,CHN,Asia,Eastern Asia,23.812,108.795,2018,5.0,5.0,70000.0,70000.0,
2015-0565-USA,Natural,Flood,Flood (General),United States of America,USA,Americas,Northern America,35.666,-91.083,2015,12.0,31.0,4000.0,4050.0,600000.0
2015-0571-AFG,Natural,Earthquake,Ground movement,Afghanistan,AFG,Asia,Southern Asia,36.4935,71.1263,2015,12.0,,,407.0,
2015-0571-PAK,Natural,Earthquake,Ground movement,Pakistan,PAK,Asia,Southern Asia,36.4935,71.1263,2015,12.0,3.0,,85.0,
2016-0002-BGD,Natural,Earthquake,Ground movement,Bangladesh,BGD,Asia,Southern Asia,24.804,93.65,2016,1.0,5.0,,70.0,
2016-0033-BRA,Natural,Flood,Flood (General),Brazil,BRA,Americas,Latin America and the Caribbean,-17.956,-56.442,2016,1.0,3.0,50500.0,50500.0,100000.0
2016-0040-IDN,Natural,Flood,Flood (General),Indonesia,IDN,Asia,South-eastern Asia,-2.465,103.352,2016,2.0,8.0,80313.0,80313.0,2000.0
2016-0101-ETH,Natural,Flood,Flash flood,Ethiopia,ETH,Africa,Sub-Saharan Africa,9.268,41.691,2016,4.0,28.0,2000.0,3080.0,
2016-0115-URY,Natural,Flood,Flood (General),Uruguay,URY,Americas,Latin America and the Caribbean,-32.435,-56.195,2016,4.0,8.0,10355.0,10605.0,3000.0
2016-0121-JPN,Natural,Earthquake,Ground movement,Japan,JPN,Asia,Eastern Asia,32.791,130.75,2016,4.0,49.0,272763.0,298432.0,20000000.0
2016-0139-IND,Natural,Flood,Flood (General),India,IND,Asia,Southern Asia,27.464,95.607,2016,4.0,18.0,100000.0,100000.0,150000.0
2016-0183-USA,Natural,Flood,Flood (General),United States of America,USA,Americas,Northern America,30.857,-95.537,2016,5.0,15.0,,,300000.0
2016-0221-JPN,Natural,Flood,Flood (General),Japan,JPN,Asia,Eastern Asia,32.603,130.99,2016,6.0,7.0,6000.0,6000.0,
2016-0243-CAN,Natural,Flood,Flood (General),Canada,CAN,Americas,Northern America,58.292,-123.249,2016,6.0,,300.0,300.0,
2016-0313-ITA,Natural,Earthquake,Ground movement,Italy,ITA,Europe,Southern Europe,42.723,13.187,2016,8.0,296.0,4454.0,4854.0,5000000.0
2016-0383-MMR,Natural,Earthquake,Ground movement,Myanmar,MMR,Asia,South-eastern Asia,20.923,94.569,2016,8.0,4.0,1150.0,1152.0,10000.0
2016-0391-IND,Natural,Flood,Flood (General),India,IND,Asia,Southern Asia,17.654,80.34,2016,9.0,28.0,3000.0,3000.0,589000.0
2016-0395-NZL,Natural,Earthquake,Tsunami,New Zealand,NZL,Oceania,Australia and New Zealand,-42.725,173.064,2016,11.0,2.0,,50.0,3900000.0
2016-0400-VNM,Natural,Flood,Riverine flood,Viet Nam,VNM,Asia,South-eastern Asia,16.004,107.68,2016,10.0,35.0,659390.0,659615.0,104280.0
2016-0418-HTI,Natural,Flood,Riverine flood,Haiti,HTI,Americas,Latin America and the Caribbean,19.739,-72.587,2016,11.0,13.0,,2782.0,
2016-0472-THA,Natural,Flood,Flood (General),Thailand,THA,Asia,South-eastern Asia,14.445,100.753,2016,12.0,14.0,582343.0,582343.0,25000.0
2016-0480-CHN,Natural,Earthquake,Ground movement,China,CHN,Asia,Eastern Asia,39.238,74.047,2016,11.0,1.0,37200.0,37200.0,5500.0
2016-0492-JPN,Natural,Earthquake,Ground movement,Japan,JPN,Asia,Eastern Asia,35.37,133.812,2016,10.0,,480.0,493.0,100000.0
2016-0526-CHN,Natural,Earthquake,Ground movement,China,CHN,Asia,Eastern Asia,43.823,86.345,2016,12.0,,9000.0,9120.0,135000.0
2017-0059-IDN,Natural,Flood,Flood (General),Indonesia,IDN,Asia,South-eastern Asia,-7.029,107.162,2017,2.0,2.0,400.0,400.0,
2017-0084-PER,Natural,Flood,Flood (General),Peru,PER,Americas,Latin America and the Caribbean,-11.004,-75.148,2017,3.0,184.0,1800000.0,1800505.0,3100000.0
2017-0202-BRA,Natural,Flood,Riverine flood,Brazil,BRA,Americas,Latin America and the Caribbean,-8.096,-38.231,2017,5.0,14.0,104140.0,104140.0,100000.0
2017-0223-COL,Natural,Flood,Flood (General),Colombia,COL,Americas,Latin America and the Caribbean,3.723,-72.674,2017,2.0,1.0,2000.0,2000.0,
2018-0040-BRA,Natural,Flood,Flood (General),Brazil,BRA,Americas,Latin America and the Caribbean,-22.479,-44.095,2018,2.0,4.0,250.0,250.0,10000.0
2017-0280-GRC,Natural,Earthquake,Ground movement,Greece,GRC,Europe,Southern Europe,36.925,27.414,2017,7.0,2.0,,120.0,
2017-0331-CHN,Natural,Earthquake,Ground movement,China,CHN,Asia,Eastern Asia,33.193,103.855,2017,8.0,29.0,217500.0,218325.0,500000.0
2017-0490-GBR,Natural,Flood,Flash flood,United Kingdom of Great Britain and Northern Ireland,GBR,Europe,Northern Europe,53.102,-6.856,2017,11.0,,100.0,100.0,
2017-0370-NER,Natural,Flood,Flood (General),Niger,NER,Africa,Sub-Saharan Africa,14.617,4.402,2017,8.0,56.0,206513.0,206513.0,10000.0
2017-0387-MEX,Natural,Earthquake,Ground movement,Mexico,MEX,Americas,Latin America and the Caribbean,18.55,-98.489,2017,9.0,369.0,250000.0,256000.0,6000000.0
2017-0430-BGR,Natural,Flood,Flash flood,Bulgaria,BGR,Europe,Eastern Europe,42.201,26.548,2017,10.0,4.0,,,
2017-0443-KOR,Natural,Earthquake,Ground movement,Republic of Korea,KOR,Asia,Eastern Asia,36.065,129.27,2017,11.0,,5000.0,5057.0,
2017-0492-VNM,Natural,Flood,Flood (General),Viet Nam,VNM,Asia,South-eastern Asia,11.664,108.399,2017,11.0,8.0,41500.0,41500.0,
2017-0494-IDN,Natural,Flood,Flood (General),Indonesia,IDN,Asia,South-eastern Asia,-7.229,109.117,2017,11.0,9.0,12000.0,12000.0,
2017-0495-IND,Natural,Flood,Flash flood,India,IND,Asia,Southern Asia,10.489,79.004,2017,10.0,21.0,4000.0,4000.0,
2018-0065-BDI,Natural,Flood,Flash flood,Burundi,BDI,Africa,Sub-Saharan Africa,-3.47,29.987,2018,1.0,,12000.0,12000.0,
2018-0068-MYS,Natural,Flood,Flood (General),Malaysia,MYS,Asia,South-eastern Asia,3.659,102.337,2018,1.0,2.0,12000.0,12000.0,
2018-0082-ALB,Natural,Flood,Riverine flood,Albania,ALB,Europe,Southern Europe,40.866,19.941,2018,3.0,,800.0,800.0,
2018-0104-AGO,Natural,Flood,Flash flood,Angola,AGO,Africa,Sub-Saharan Africa,-11.247,16.007,2018,2.0,8.0,3000.0,3000.0,
2018-0104-MWI,Natural,Flood,Flash flood,Malawi,MWI,Africa,Sub-Saharan Africa,-14.926,34.367,2018,2.0,,200.0,200.0,
2018-0123-AUS,Natural,Flood,Flood (General),Australia,AUS,Oceania,Australia and New Zealand,-17.015,145.218,2018,3.0,,600.0,600.0,11400.0
2018-0161-ARG,Natural,Storm,Storm (General),Argentina,ARG,Americas,Latin America and the Caribbean,-35.21,-58.199,2018,4.0,2.0,1200.0,1200.0,
2018-0166-IDN,Natural,Flood,Flood (General),Indonesia,IDN,Asia,South-eastern Asia,-8.497,118.569,2018,3.0,,3000.0,3000.0,
2018-0219-NPL,Natural,Flood,Flash flood,Nepal,NPL,Asia,Southern Asia,28.238,84.398,2018,7.0,15.0,1400.0,1406.0,
2018-0221-SDN,Natural,Flood,Flood (General),Sudan,SDN,Africa,Northern Africa,10.763,27.364,2018,6.0,,350.0,2750.0,
2018-0257-IDN,Natural,Earthquake,Ground movement,Indonesia,IDN,Asia,South-eastern Asia,-8.287,116.452,2018,8.0,564.0,445343.0,516927.0,790000.0
2018-0329-PRK,Natural,Flood,Flood (General),Democratic People's Republic of Korea,PRK,Asia,Eastern Asia,38.531,126.573,2018,8.0,148.0,581268.0,581268.0,25000.0
2018-0281-IRN,Natural,Earthquake,Ground movement,Iran (Islamic Republic of),IRN,Asia,Southern Asia,34.591,46.166,2018,7.0,,4755.0,5042.0,10000.0
2018-0330-JPN,Natural,Earthquake,Ground movement,Japan,JPN,Asia,Eastern Asia,42.686,141.929,2018,9.0,41.0,5600.0,6280.0,1250000.0
2018-0368-GHA,Natural,Flood,Flood (General),Ghana,GHA,Africa,Sub-Saharan Africa,9.538,-1.066,2018,8.0,34.0,100000.0,100000.0,
2019-0082-AFG,Natural,Flood,Flood (General),Afghanistan,AFG,Asia,Southern Asia,31.991,67.078,2019,3.0,63.0,122600.0,129100.0,
2019-0085-IDN,Natural,Earthquake,Ground movement,Indonesia,IDN,Asia,South-eastern Asia,-1.323,101.578,2019,2.0,,1715.0,1763.0,
2019-0100-BRA,Natural,Flood,Flood (General),Brazil,BRA,Americas,Latin America and the Caribbean,-23.539,-46.124,2019,3.0,12.0,1300.0,1306.0,
2019-0225-MEX,Natural,Flood,Flood (General),Mexico,MEX,Americas,Latin America and the Caribbean,20.176,-103.182,2019,6.0,7.0,,3000.0,
2019-0243-ECU,Natural,Earthquake,Ground movement,Ecuador,ECU,Americas,Latin America and the Caribbean,-5.812,-75.27,2019,5.0,,,15.0,
2019-0255-AFG,Natural,Flood,Flash flood,Afghanistan,AFG,Asia,Southern Asia,34.668,67.894,2019,5.0,24.0,550.0,561.0,
2019-0264-PHL,Natural,Flood,Flood (General),Philippines,PHL,Asia,South-eastern Asia,8.223,123.493,2019,6.0,,45000.0,45000.0,
2019-0299-IRN,Natural,Earthquake,Ground movement,Iran (Islamic Republic of),IRN,Asia,Southern Asia,31.756,49.561,2019,7.0,1.0,,2100.0,
2019-0334-IDN,Natural,Earthquake,Ground movement,Indonesia,IDN,Asia,South-eastern Asia,-0.586,128.034,2019,7.0,8.0,5790.0,11804.0,
2019-0362-PHL,Natural,Earthquake,Ground movement,Philippines,PHL,Asia,South-eastern Asia,20.837,121.974,2019,7.0,9.0,2963.0,3027.0,5258.0
2019-0451-IDN,Natural,Earthquake,Ground movement,Indonesia,IDN,Asia,South-eastern Asia,-3.45,128.347,2019,9.0,31.0,247239.0,247418.0,
2019-0479-TUR,Natural,Earthquake,Ground movement,Türkiye,TUR,Asia,Western Asia,40.89,28.173,2019,9.0,1.0,1419.0,1453.0,
2019-0489-PHL,Natural,Earthquake,Ground movement,Philippines,PHL,Asia,South-eastern Asia,6.714,125.009,2019,10.0,7.0,3068.0,3283.0,
2019-0522-PHL,Natural,Earthquake,Ground movement,Philippines,PHL,Asia,South-eastern Asia,6.754,124.985,2019,10.0,10.0,25630.0,26025.0,
2019-0551-FRA,Natural,Earthquake,Ground movement,France,FRA,Europe,Western Europe,44.612,4.638,2019,11.0,,750.0,754.0,
2019-0553-IRN,Natural,Earthquake,Ground movement,Iran (Islamic Republic of),IRN,Asia,Southern Asia,37.808,47.558,2019,11.0,6.0,22500.0,23084.0,90000.0
2019-0572-ALB,Natural,Earthquake,Ground movement,Albania,ALB,Europe,Southern Europe,41.511,19.522,2019,11.0,51.0,202000.0,202913.0,700000.0
2019-0578-MYS,Natural,Flood,Flood (General),Malaysia,MYS,Asia,South-eastern Asia,4.415,102.584,2019,11.0,2.0,15000.0,15000.0,
2019-0580-BRA,Natural,Flood,Flood (General),Brazil,BRA,Americas,Latin America and the Caribbean,-39.27,-12.906,2019,11.0,,300.0,300.0,
2019-0619-PHL,Natural,Earthquake,Ground movement,Philippines,PHL,Asia,South-eastern Asia,6.708,125.188,2019,12.0,14.0,394355.0,394565.0,
2019-0632-IDN,Natural,Flood,Flash flood,Indonesia,IDN,Asia,South-eastern Asia,-6.533,107.508,2019,12.0,66.0,501000.0,501110.0,1200000.0
2020-0007-PRI,Natural,Earthquake,Ground movement,Puerto Rico,PRI,Americas,Latin America and the Caribbean,17.935,-66.883,2020,1.0,4.0,4170.0,5078.0,800000.0
2020-0016-MDG,Natural,Flood,Flood (General),Madagascar,MDG,Africa,Sub-Saharan Africa,-18.95,47.184,2020,1.0,40.0,106846.0,106846.0,
2020-0098-RWA,Natural,Flood,Flood (General),Rwanda,RWA,Africa,Sub-Saharan Africa,-1.994,29.863,2020,3.0,3.0,5220.0,5242.0,
2020-0102-EGY,Natural,Flood,Flash flood,Egypt,EGY,Africa,Northern Africa,29.021,30.754,2020,3.0,40.0,20000.0,20400.0,76000.0
2020-0106-HRV,Natural,Earthquake,Ground movement,Croatia,HRV,Europe,Southern Europe,45.897,15.966,2020,3.0,1.0,60000.0,78942.0,6800000.0
2020-0150-DJI,Natural,Flood,Flood (General),Djibouti,DJI,Africa,Sub-Saharan Africa,11.685,42.68,2020,4.0,8.0,110000.0,110000.0,
2020-0158-PRI,Natural,Earthquake,Ground movement,Puerto Rico,PRI,Americas,Latin America and the Caribbean,17.937,-66.727,2020,5.0,,150.0,150.0,150000.0
2020-0169-BFA,Natural,Flood,Flood (General),Burkina Faso,BFA,Africa,Sub-Saharan Africa,13.343,-1.116,2020,4.0,,21000.0,21000.0,
2020-0251-TUR,Natural,Earthquake,Ground movement,Türkiye,TUR,Asia,Western Asia,39.421,40.697,2020,6.0,1.0,6600.0,6635.0,
2021-0215-IRN,Natural,Earthquake,Ground movement,Iran (Islamic Republic of),IRN,Asia,Southern Asia,29.787,50.669,2021,4.0,,3537.0,3543.0,
2021-0511-HTI,Natural,Earthquake,Ground movement,Haiti,HTI,Americas,Latin America and the Caribbean,18.408,-73.475,2021,8.0,2575.0,690000.0,702763.0,1620071.0
2023-0323-FRA,Natural,Earthquake,Ground movement,France,FRA,Europe,Western Europe,46.212,-0.785,2023,6.0,,750.0,752.0,445000.0
2021-0738-IRN,Natural,Earthquake,Ground movement,Iran (Islamic Republic of),IRN,Asia,Southern Asia,27.721,56.065,2021,11.0,1.0,36484.0,36588.0,165000.0
2021-0758-ECU,Natural,Earthquake,Ground movement,Ecuador,ECU,Americas,Latin America and the Caribbean,-4.49,-76.846,2021,11.0,,39.0,39.0,
2022-0027-AFG,Natural,Earthquake,Ground movement,Afghanistan,AFG,Asia,Southern Asia,34.929,63.621,2022,1.0,28.0,,4004.0,
2023-0054-SYR,Natural,Earthquake,Ground movement,Syrian Arab Republic,SYR,Asia,Western Asia,38.055,36.51,2023,2.0,5670.0,8000000.0,8011774.0,8900000.0
2023-0054-TUR,Natural,Earthquake,Ground movement,Türkiye,TUR,Asia,Western Asia,38.055,36.51,2023,2.0,53000.0,16000000.0,16107000.0,34000000.0
2023-0279-JPN,Natural,Earthquake,Ground movement,Japan,JPN,Asia,Eastern Asia,37.548,137.299,2023,5.0,1.0,2157.0,2254.0,
2023-0378-IDN,Natural,Earthquake,Ground movement,Indonesia,IDN,Asia,South-eastern Asia,-8.674,110.041,2023,6.0,1.0,1110.0,1120.0,
2023-0522-CHN,Natural,Earthquake,Ground movement,China,CHN,Asia,Eastern Asia,37.231,116.391,2023,8.0,,,399.0,35000.0
2023-0600-MAR,Natural,Earthquake,Ground movement,Morocco,MAR,Africa,Northern Africa,31.058,-8.385,2023,9.0,2946.0,840000.0,845674.0,7000000.0
2024-0035-KAZ,Natural,Earthquake,Ground movement,Kazakhstan,KAZ,Asia,Central Asia,41.27,78.621,2024,1.0,,,67.0,
2024-0153-PNG,Natural,Earthquake,Ground movement,Papua New Guinea,PNG,Oceania,Melanesia,-4.139,143.159,2024,3.0,5.0,,5002.0,
2024-0585-PHL,Natural,Earthquake,Ground movement,Philippines,PHL,Asia,South-eastern Asia,8.193,126.0,2024,8.0,,24000.0,24000.0,
2024-0911-VUT,Natural,Earthquake,Ground movement,Vanuatu,VUT,Oceania,Melanesia,-17.686,168.034,2024,12.0,14.0,80000.0,80265.0,100000.0
2025-0223-THA,Natural,Earthquake,Ground movement,Thailand,THA,Asia,South-eastern Asia,21.996,95.926,2025,3.0,54.0,2313.0,2351.0,
2025-0619-RUS,Natural,Earthquake,Tsunami,Russian Federation,RUS,Europe,Eastern Europe,52.498,160.264,2025,7.0,,165.0,169.0,
2025-0671-TUR,Natural,Earthquake,Ground movement,Türkiye,TUR,Asia,Western Asia,39.322,28.096,2025,8.0,1.0,183.0,1513.0,10000.0
2025-0692-IDN,Natural,Earthquake,Ground movement,Indonesia,IDN,Asia,South-eastern Asia,-1.282,120.727,2025,8.0,2.0,433.0,477.0,
2025-0870-PHL,Natural,Earthquake,Ground movement,Philippines,PHL,Asia,South-eastern Asia,7.172,126.755,2025,10.0,10.0,845000.0,846027.0,
2000-0008-GTM,Natural,Volcanic activity,Ash fall,Guatemala,GTM,Americas,Latin America and the Caribbean,14.381,-90.601,2000,1.0,,800.0,800.0,
2000-0230-IDN,Natural,Earthquake,Ground movement,Indonesia,IDN,Asia,South-eastern Asia,-1.105,123.573,2000,5.0,45.0,,52770.0,30000.0
2000-0303-GRC,Natural,Earthquake,Ground movement,Greece,GRC,Europe,Southern Europe,38.922,20.64,2000,5.0,,600.0,600.0,
2000-0335-ISL,Natural,Earthquake,Ground movement,Iceland,ISL,Europe,Northern Europe,63.966,-20.487,2000,6.0,,57.0,91.0,12000.0
2000-0480-RUS,Natural,Earthquake,Ground movement,Russian Federation,RUS,Europe,Eastern Europe,48.786,142.246,2000,8.0,,,19108.0,920.0
2000-0598-USA,Natural,Earthquake,Ground movement,United States of America,USA,Americas,Northern America,38.3788333,-122.4133333,2000,9.0,,25000.0,25174.0,50000.0
2000-0749-PNG,Natural,Earthquake,Ground movement,Papua New Guinea,PNG,Oceania,Melanesia,-3.98,152.169,2000,11.0,2.0,,5000.0,
2001-0123-JPN,Natural,Earthquake,Ground movement,Japan,JPN,Asia,Eastern Asia,34.083,132.526,2001,3.0,2.0,11100.0,11261.0,500000.0
2001-0151-CHN,Natural,Earthquake,Ground movement,China,CHN,Asia,Eastern Asia,24.768,99.061,2001,4.0,2.0,150000.0,150190.0,31000.0
2001-0233-AFG,Natural,Earthquake,Ground movement,Afghanistan,AFG,Asia,Southern Asia,35.169,69.389,2001,6.0,4.0,,270.0,
2001-0297-PHL,Natural,Volcanic activity,Ash fall,Philippines,PHL,Asia,South-eastern Asia,13.257,123.685,2001,5.0,,25576.0,25576.0,792.0
2001-0299-CMR,Natural,Flood,Flash flood,Cameroon,CMR,Africa,Sub-Saharan Africa,4.022,9.2,2001,6.0,30.0,,1500.0,
2001-0358-TUR,Natural,Earthquake,Ground movement,Türkiye,TUR,Asia,Western Asia,37.238,36.206,2001,6.0,,350.0,480.0,
2001-0751-PER,Natural,Earthquake,Ground movement,Peru,PER,Americas,Latin America and the Caribbean,-15.35,-72.516,2001,12.0,2.0,150.0,155.0,
2002-0002-VUT,Natural,Earthquake,Ground movement,Vanuatu,VUT,Oceania,Melanesia,-17.6,167.856,2002,1.0,,500.0,500.0,
2002-0065-TUR,Natural,Earthquake,Ground movement,Türkiye,TUR,Asia,Western Asia,38.573,31.271,2002,2.0,42.0,222000.0,252327.0,95000.0
2002-0072-MEX,Natural,Volcanic activity,Ash fall,Mexico,MEX,Americas,Latin America and the Caribbean,19.514,-103.62,2002,2.0,,300.0,300.0,
2002-0122-AFG,Natural,Earthquake,Ground movement,Afghanistan,AFG,Asia,Southern Asia,36.429,70.438,2002,3.0,150.0,3500.0,3513.0,
2002-0122-TJK,Natural,Earthquake,Ground movement,Tajikistan,TJK,Asia,Central Asia,36.429,70.438,2002,3.0,,,500.0,
2002-0208-AFG,Natural,Earthquake,Ground movement,Afghanistan,AFG,Asia,Southern Asia,35.959,69.417,2002,4.0,50.0,6000.0,6150.0,
2002-0246-IRN,Natural,Earthquake,Ground movement,Iran (Islamic Republic of),IRN,Asia,Southern Asia,34.642,47.4,2002,4.0,2.0,20000.0,20056.0,
2002-0247-GEO,Natural,Earthquake,Ground movement,Georgia,GEO,Asia,Western Asia,41.765,44.96,2002,4.0,6.0,18000.0,19156.0,350000.0
2002-0545-EGY,Natural,Earthquake,Ground movement,Egypt,EGY,Africa,Northern Africa,30.2,31.41,2002,8.0,,250.0,250.0,
2002-0770-VUT,Natural,Earthquake,Ground movement,Vanuatu,VUT,Oceania,Melanesia,-14.49,167.827,2002,11.0,,500.0,503.0,
2002-0804-IRN,Natural,Earthquake,Ground movement,Iran (Islamic Republic of),IRN,Asia,Southern Asia,34.594,47.454,2002,12.0,,15000.0,15015.0,
2002-0820-IDN,Natural,Earthquake,Ground movement,Indonesia,IDN,Asia,South-eastern Asia,-1.68,134.234,2002,9.0,,155.0,155.0,
2003-0068-IRN,Natural,Earthquake,Ground movement,Iran (Islamic Republic of),IRN,Asia,Southern Asia,29.59,51.474,2003,1.0,,6750.0,10080.0,
2003-0245-DZA,Natural,Earthquake,Ground movement,Algeria,DZA,Africa,Northern Africa,36.964,3.634,2003,5.0,2266.0,,210261.0,5000000.0
2003-0255-DZA,Natural,Earthquake,Ground movement,Algeria,DZA,Africa,Northern Africa,36.939,3.578,2003,5.0,9.0,,200.0,
2003-0509-CHN,Natural,Earthquake,Ground movement,China,CHN,Asia,Eastern Asia,25.954,101.254,2003,10.0,3.0,60000.0,60056.0,60000.0
2003-0582-CHN,Natural,Earthquake,Ground movement,China,CHN,Asia,Eastern Asia,42.905,80.515,2003,12.0,11.0,3510.0,6018.0,1933.0
2003-0623-USA,Natural,Earthquake,Ground movement,United States of America,USA,Americas,Northern America,35.7005,-121.1005,2003,12.0,2.0,,160.0,200000.0
2003-0648-TUR,Natural,Earthquake,Ground movement,Türkiye,TUR,Asia,Western Asia,38.111,28.887,2003,7.0,,240.0,240.0,
2004-0234-IRN,Natural,Earthquake,Ground movement,Iran (Islamic Republic of),IRN,Asia,Southern Asia,36.29,51.61,2004,5.0,35.0,220.0,498.0,165000.0
2004-0250-RUS,Natural,Earthquake,Ground movement,Russian Federation,RUS,Europe,Eastern Europe,47.311,142.12,2004,5.0,,138.0,138.0,
2004-0659-IND,Natural,Earthquake,Tsunami,India,IND,Asia,Southern Asia,3.295,95.982,2004,12.0,16389.0,647599.0,654512.0,1022800.0
2004-0659-KEN,Natural,Earthquake,Tsunami,Kenya,KEN,Africa,Sub-Saharan Africa,3.295,95.982,2004,12.0,1.0,,,100000.0
2004-0659-SOM,Natural,Earthquake,Tsunami,Somalia,SOM,Africa,Sub-Saharan Africa,3.295,95.982,2004,12.0,298.0,104800.0,105083.0,100000.0
2004-0659-SYC,Natural,Earthquake,Tsunami,Seychelles,SYC,Africa,Sub-Saharan Africa,3.295,95.982,2004,12.0,3.0,4760.0,4830.0,30000.0
2005-0070-TUR,Natural,Earthquake,Ground movement,Türkiye,TUR,Asia,Western Asia,37.622,43.703,2005,1.0,2.0,400.0,422.0,
2005-0132-ZAF,Natural,Earthquake,Ground movement,South Africa,ZAF,Africa,Sub-Saharan Africa,-26.913,26.789,2005,3.0,2.0,,58.0,20000.0
2005-0308-PNG,Natural,Volcanic activity,Ash fall,Papua New Guinea,PNG,Oceania,Melanesia,-4.08,145.037,2005,6.0,,15000.0,15000.0,
2005-0240-SLV,Natural,Earthquake,Ground movement,El Salvador,SLV,Americas,Latin America and the Caribbean,13.835,-89.759,2005,5.0,1.0,750.0,751.0,
2006-0223-NZL,Natural,Flood,Flash flood,New Zealand,NZL,Oceania,Australia and New Zealand,-45.69,170.37,2006,4.0,,1200.0,1200.0,3000.0
2006-0069-IDN,Natural,Mass movement (wet),Landslide (wet),Indonesia,IDN,Asia,South-eastern Asia,-8.44,117.29,2006,1.0,11.0,3000.0,3000.0,10943.0
2006-0071-FJI,Natural,Flood,Riverine flood,Fiji,FJI,Oceania,Melanesia,-16.45,179.65,2006,2.0,4.0,224.0,224.0,500.0
2006-0074-IDN,Natural,Flood,Riverine flood,Indonesia,IDN,Asia,South-eastern Asia,-6.85,108.59,2006,1.0,19.0,10000.0,10000.0,27100.0
2006-0088-DZA,Natural,Flood,Riverine flood,Algeria,DZA,Africa,Northern Africa,27.67,-5.91,2006,2.0,1.0,60000.0,60000.0,1200.0
2006-0226-MYS,Natural,Flood,Riverine flood,Malaysia,MYS,Asia,South-eastern Asia,5.27,102.15,2006,4.0,,500.0,500.0,
2006-0115-MWI,Natural,Flood,Riverine flood,Malawi,MWI,Africa,Sub-Saharan Africa,-14.59,35.12,2006,3.0,3.0,,8000.0,
2006-0123-IRN,Natural,Earthquake,Ground movement,Iran (Islamic Republic of),IRN,Asia,Southern Asia,28.12,56.865,2006,2.0,,7000.0,7006.0,
2006-0153-IRN,Natural,Earthquake,Ground movement,Iran (Islamic Republic of),IRN,Asia,Southern Asia,33.5,48.78,2006,3.0,63.0,160000.0,161418.0,42262.0
2006-0156-AUT,Natural,Flood,Riverine flood,Austria,AUT,Europe,Western Europe,49.86,16.09,2006,3.0,,516.0,516.0,
2006-0156-CZE,Natural,Flood,Riverine flood,Czechia,CZE,Europe,Eastern Europe,49.86,16.09,2006,3.0,6.0,4200.0,4200.0,
2006-0156-DEU,Natural,Flood,Riverine flood,Germany,DEU,Europe,Western Europe,49.86,16.09,2006,3.0,3.0,1000.0,1000.0,
2006-0156-SVK,Natural,Flood,Riverine flood,Slovakia,SVK,Europe,Eastern Europe,48.67,19.08,2006,3.0,1.0,,,
2006-0165-YEM,Natural,Flood,Riverine flood,Yemen,YEM,Asia,Western Asia,15.1,43.88,2006,4.0,25.0,,320.0,
2006-0225-RUS,Natural,Flood,Riverine flood,Russian Federation,RUS,Europe,Eastern Europe,50.78,87.14,2006,4.0,,420.0,420.0,7411.0
2006-0178-KEN,Natural,Flood,Riverine flood,Kenya,KEN,Africa,Sub-Saharan Africa,2.25,37.53,2006,4.0,60.0,17300.0,17300.0,
2006-0203-CAN,Natural,Flood,Riverine flood,Canada,CAN,Americas,Northern America,49.72,-56.05,2006,4.0,,200.0,200.0,
2006-0209-UKR,Natural,Flood,Riverine flood,Ukraine,UKR,Europe,Eastern Europe,44.5,23.87,2006,4.0,,,,
2006-0214-RUS,Natural,Earthquake,Ground movement,Russian Federation,RUS,Europe,Eastern Europe,60.949,167.089,2006,4.0,,12000.0,12040.0,55000.0
2006-0239-IRN,Natural,Earthquake,Ground movement,Iran (Islamic Republic of),IRN,Asia,Southern Asia,30.79,56.7,2006,5.0,,,70.0,
2006-0241-MMR,Natural,Storm,Tropical cyclone,Myanmar,MMR,Asia,South-eastern Asia,18.37,94.95,2006,4.0,34.0,60075.0,60106.0,
2006-0264-CHN,Natural,Flood,Riverine flood,China,CHN,Asia,Eastern Asia,26.75,118.57,2006,5.0,57.0,356000.0,356000.0,393000.0
2006-0279-IDN,Natural,Earthquake,Ground movement,Indonesia,IDN,Asia,South-eastern Asia,-7.961,110.446,2006,5.0,5778.0,2340745.0,3177923.0,3100000.0
2006-0283-ECU,Natural,Volcanic activity,Ash fall,Ecuador,ECU,Americas,Latin America and the Caribbean,-1.467,-78.442,2006,5.0,,250.0,250.0,
2006-0297-CHN,Natural,Flood,Riverine flood,China,CHN,Asia,Eastern Asia,26.2,112.75,2006,6.0,2.0,1410000.0,1410000.0,
2006-0300-CHN,Natural,Flood,Riverine flood,China,CHN,Asia,Eastern Asia,23.42,111.38,2006,6.0,21.0,4600000.0,4600024.0,
2006-0390-JPN,Natural,Flood,Riverine flood,Japan,JPN,Asia,Eastern Asia,31.54,130.99,2006,7.0,8.0,4300.0,4300.0,
2006-0302-POL,Natural,Flood,Riverine flood,Poland,POL,Europe,Eastern Europe,49.5,20.93,2006,6.0,,500.0,500.0,
2006-0311-IDN,Natural,Flood,Flash flood,Indonesia,IDN,Asia,South-eastern Asia,-5.17,120.11,2006,6.0,236.0,28505.0,29231.0,55200.0
2006-0312-ROU,Natural,Flood,Riverine flood,Romania,ROU,Europe,Eastern Europe,47.15,47.46,2006,6.0,15.0,6260.0,6260.0,
2006-0323-CHN,Natural,Flood,Riverine flood,China,CHN,Asia,Eastern Asia,24.73,116.87,2006,6.0,23.0,5000.0,5000.0,
2006-0332-IDN,Natural,Flood,Flash flood,Indonesia,IDN,Asia,South-eastern Asia,-3.29,115.49,2006,6.0,52.0,18250.0,18250.0,
2006-0335-ROU,Natural,Flood,Riverine flood,Romania,ROU,Europe,Eastern Europe,47.8,25.95,2006,6.0,12.0,10800.0,10800.0,
2006-0336-CHN,Natural,Flood,Riverine flood,China,CHN,Asia,Eastern Asia,34.04,117.03,2006,6.0,30.0,4120000.0,4120000.0,679000.0
2006-0340-CHN,Natural,Flood,Riverine flood,China,CHN,Asia,Eastern Asia,27.06,111.06,2006,6.0,29.0,2375000.0,2375016.0,
2006-0342-IND,Natural,Flood,Riverine flood,India,IND,Asia,Southern Asia,25.62,83.67,2006,6.0,130.0,300000.0,300000.0,
2006-0360-RUS,Natural,Flood,Riverine flood,Russian Federation,RUS,Europe,Eastern Europe,50.79,106.52,2006,7.0,,6000.0,6000.0,
2006-0362-CHN,Natural,Storm,Tropical cyclone,China,CHN,Asia,Eastern Asia,24.0,112.11,2006,7.0,820.0,29622000.0,29622000.0,3325000.0
2006-0362-PHL,Natural,Storm,Tropical cyclone,Philippines,PHL,Asia,South-eastern Asia,24.0,112.11,2006,7.0,37.0,51680.0,51680.0,3000.0
2006-0368-KHM,Natural,Flood,Riverine flood,Cambodia,KHM,Asia,South-eastern Asia,11.43,103.53,2006,7.0,,5000.0,5000.0,
2006-0369-IND,Natural,Flood,Riverine flood,India,IND,Asia,Southern Asia,22.41,71.31,2006,7.0,24.0,8400.0,8400.0,
2006-0389-IND,Natural,Flood,Riverine flood,India,IND,Asia,Southern Asia,34.61,73.2,2006,7.0,15.0,800.0,800.0,
2006-0394-CHN,Natural,Flood,Riverine flood,China,CHN,Asia,Eastern Asia,39.04,106.59,2006,7.0,1.0,1200.0,1200.0,
2006-0410-CHN,Natural,Storm,Tropical cyclone,China,CHN,Asia,Eastern Asia,21.11,110.11,2006,8.0,89.0,10000000.0,10000000.0,900000.0
2006-0414-PAK,Natural,Flood,Riverine flood,Pakistan,PAK,Asia,Southern Asia,25.03,67.12,2006,8.0,74.0,,5050.0,
2006-0419-CHE,Natural,Flood,Riverine flood,Switzerland,CHE,Europe,Western Europe,46.04,7.39,2006,7.0,,3000.0,3000.0,
2006-0422-SOM,Natural,Flood,Flash flood,Somalia,SOM,Africa,Sub-Saharan Africa,2.665,45.45,2006,8.0,5.0,2000.0,2000.0,
2006-0431-ZAF,Natural,Flood,Riverine flood,South Africa,ZAF,Africa,Sub-Saharan Africa,-33.538,26.3,2006,8.0,6.0,3000.0,3000.0,145000.0
2006-0445-MLI,Natural,Flood,Flash flood,Mali,MLI,Africa,Sub-Saharan Africa,14.42,-1.02,2006,8.0,1.0,,1000.0,
2006-0445-NGA,Natural,Flood,Flash flood,Nigeria,NGA,Africa,Sub-Saharan Africa,14.42,-1.02,2006,8.0,,,10000.0,
2006-0462-UGA,Natural,Flood,Riverine flood,Uganda,UGA,Africa,Sub-Saharan Africa,1.38,34.28,2006,8.0,3.0,1680.0,1680.0,
2006-0466-USA,Natural,Storm,Tropical cyclone,United States of America,USA,Americas,Northern America,34.74,-77.87,2006,8.0,6.0,140.0,140.0,32860.0
2006-0481-CHN,Natural,Flood,Flash flood,China,CHN,Asia,Eastern Asia,34.7,102.68,2006,8.0,15.0,,,
2006-0483-MEX,Natural,Storm,Tropical cyclone,Mexico,MEX,Americas,Latin America and the Caribbean,25.35,-111.81,2006,9.0,7.0,10000.0,10000.0,
2006-0510-BGD,Natural,Storm,Tropical cyclone,Bangladesh,BGD,Asia,Southern Asia,19.73,83.75,2006,9.0,115.0,9135.0,9135.0,
2006-0517-PHL,Natural,Storm,Tropical cyclone,Philippines,PHL,Asia,South-eastern Asia,16.68,107.21,2006,9.0,228.0,3842000.0,3842406.0,113000.0
2006-0541-GRC,Natural,Flood,Flash flood,Greece,GRC,Europe,Southern Europe,40.76,23.65,2006,10.0,1.0,3000.0,3000.0,5659.0
2006-0546-USA,Natural,Flood,Riverine flood,United States of America,USA,Americas,Northern America,37.21,-87.62,2006,9.0,14.0,1200.0,1210.0,
2006-0548-PAK,Natural,Flood,Flash flood,Pakistan,PAK,Asia,Southern Asia,32.89,73.88,2006,8.0,20.0,,,
2006-0597-COG,Natural,Flood,Riverine flood,Congo,COG,Africa,Sub-Saharan Africa,-4.24,15.43,2006,11.0,6.0,,5000.0,
2006-0605-PHL,Natural,Flood,Riverine flood,Philippines,PHL,Asia,South-eastern Asia,7.61,125.83,2006,10.0,2.0,40000.0,40000.0,763.0
2006-0647-PAN,Natural,Flood,Riverine flood,Panama,PAN,Americas,Latin America and the Caribbean,8.9,-78.71,2006,11.0,11.0,3240.0,4530.0,
2006-0649-MWI,Natural,Flood,Flash flood,Malawi,MWI,Africa,Sub-Saharan Africa,-15.96,34.51,2006,11.0,5.0,,8000.0,
2006-0651-HTI,Natural,Flood,Flash flood,Haiti,HTI,Americas,Latin America and the Caribbean,18.5,-73.48,2006,11.0,11.0,20000.0,20010.0,
2006-0678-IDN,Natural,Earthquake,Ground movement,Indonesia,IDN,Asia,South-eastern Asia,0.626,99.859,2006,12.0,8.0,1000.0,1200.0,
2006-0688-TWN,Natural,Earthquake,Ground movement,Taiwan (Province of China),TWN,Asia,Eastern Asia,21.799,120.547,2006,12.0,2.0,,42.0,
2006-0702-PHL,Natural,Flood,Riverine flood,Philippines,PHL,Asia,South-eastern Asia,12.44,124.77,2006,12.0,,415618.0,415618.0,3395.0
2007-0217-CHN,Natural,Earthquake,Ground movement,China,CHN,Asia,Eastern Asia,23.028,101.052,2007,6.0,3.0,,329.0,342000.0
2006-0712-IND,Natural,Flood,Riverine flood,India,IND,Asia,Southern Asia,18.1,81.53,2006,8.0,185.0,2000000.0,2000000.0,
2007-0192-AFG,Natural,Flood,Flash flood,Afghanistan,AFG,Asia,Southern Asia,37.01,70.73,2007,4.0,36.0,,,
2007-0150-COL,Natural,Volcanic activity,Ash fall,Colombia,COL,Americas,Latin America and the Caribbean,2.93,-76.03,2007,4.0,,3000.0,3000.0,
2007-0003-BRA,Natural,Flood,Flash flood,Brazil,BRA,Americas,Latin America and the Caribbean,-22.42,-44.0,2007,1.0,59.0,200000.0,200080.0,125000.0
2007-0008-MWI,Natural,Flood,Riverine flood,Malawi,MWI,Africa,Sub-Saharan Africa,-17.47,35.15,2007,1.0,2.0,17060.0,17719.0,
2007-0016-IDN,Natural,Mass movement (wet),Landslide (wet),Indonesia,IDN,Asia,South-eastern Asia,3.56,125.54,2007,1.0,32.0,3990.0,3990.0,
2007-0041-USA,Natural,Flood,Riverine flood,United States of America,USA,Americas,Northern America,34.88,-90.07,2007,1.0,24.0,,,
2007-0042-BOL,Natural,Flood,Riverine flood,Bolivia (Plurinational State of),BOL,Americas,Latin America and the Caribbean,-16.97,-61.96,2007,1.0,40.0,339495.0,339495.0,90000.0
2007-0059-RWA,Natural,Flood,Riverine flood,Rwanda,RWA,Africa,Sub-Saharan Africa,-1.73,29.48,2007,2.0,10.0,500.0,500.0,9.0
2007-0195-KGZ,Natural,Flood,Riverine flood,Kyrgyzstan,KGZ,Asia,Central Asia,40.63,73.83,2007,4.0,,845.0,845.0,200.0
2007-0069-MDG,Natural,Flood,Coastal flood,Madagascar,MDG,Africa,Sub-Saharan Africa,-18.49,46.34,2007,2.0,7.0,33000.0,33000.0,
2007-0075-NAM,Natural,Flood,Riverine flood,Namibia,NAM,Africa,Sub-Saharan Africa,12.95,24.37,2007,1.0,7.0,15000.0,15000.0,
2007-0086-IDN,Natural,Flood,Flash flood,Indonesia,IDN,Asia,South-eastern Asia,-8.57,120.76,2007,3.0,74.0,11530.0,11556.0,
2007-0087-IDN,Natural,Earthquake,Ground movement,Indonesia,IDN,Asia,South-eastern Asia,-0.488,100.53,2007,3.0,67.0,136834.0,137660.0,200000.0
2007-0105-AFG,Natural,Flood,Riverine flood,Afghanistan,AFG,Asia,Southern Asia,33.25,64.89,2007,3.0,104.0,20000.0,20000.0,
2007-0132-ESP,Natural,Flood,Riverine flood,Spain,ESP,Europe,Southern Europe,41.65,-0.65,2007,4.0,1.0,5000.0,5000.0,
2007-0134-HTI,Natural,Flood,Riverine flood,Haiti,HTI,Americas,Latin America and the Caribbean,19.41,-71.78,2007,3.0,14.0,15000.0,15014.0,
2007-0135-URY,Natural,Flood,Riverine flood,Uruguay,URY,Americas,Latin America and the Caribbean,-31.99,-59.12,2007,3.0,,,800.0,
2007-0160-AUS,Natural,Flood,Flash flood,Australia,AUS,Oceania,Australia and New Zealand,-32.87,151.38,2007,6.0,9.0,5000.0,5000.0,1300000.0
2007-0161-BGD,Natural,Flood,Riverine flood,Bangladesh,BGD,Asia,Southern Asia,22.4,91.95,2007,6.0,120.0,80000.0,80060.0,14000.0
2007-0173-USA,Natural,Flood,Riverine flood,United States of America,USA,Americas,Northern America,30.24,-98.66,2007,5.0,8.0,100.0,100.0,
2007-0174-ESP,Natural,Flood,Riverine flood,Spain,ESP,Europe,Southern Europe,39.89,-4.22,2007,5.0,1.0,8000.0,8000.0,400000.0
2007-0176-COL,Natural,Flood,Riverine flood,Colombia,COL,Americas,Latin America and the Caribbean,7.38,-75.43,2007,5.0,13.0,3000.0,3000.0,
2007-0183-URY,Natural,Flood,Riverine flood,Uruguay,URY,Americas,Latin America and the Caribbean,-32.77,-55.8,2007,5.0,2.0,110000.0,119200.0,45000.0
2007-0238-IND,Natural,Flood,Riverine flood,India,IND,Asia,Southern Asia,22.02,72.25,2007,7.0,225.0,63000.0,63000.0,
2007-0250-IND,Natural,Flood,Flash flood,India,IND,Asia,Southern Asia,14.94,78.16,2007,6.0,127.0,200000.0,200000.0,
2007-0254-USA,Natural,Flood,Riverine flood,United States of America,USA,Americas,Northern America,33.45,-97.3,2007,6.0,10.0,750.0,750.0,28000.0
2007-0281-HTI,Natural,Flood,Riverine flood,Haiti,HTI,Americas,Latin America and the Caribbean,18.55,-72.29,2007,7.0,4.0,1500.0,1500.0,
2007-0287-TJK,Natural,Earthquake,Ground movement,Tajikistan,TJK,Asia,Central Asia,38.936,70.485,2007,7.0,11.0,7000.0,7003.0,
2007-0306-ZAF,Natural,Flood,Riverine flood,South Africa,ZAF,Africa,Sub-Saharan Africa,-34.09,19.58,2007,7.0,,38000.0,38000.0,
2007-0339-MRT,Natural,Flood,Riverine flood,Mauritania,MRT,Africa,Sub-Saharan Africa,16.55,-11.32,2007,8.0,2.0,53620.0,53620.0,
2007-0412-PAK,Natural,Flood,Riverine flood,Pakistan,PAK,Asia,Southern Asia,35.95,74.34,2007,8.0,22.0,,,
2007-0360-LCA,Natural,Storm,Tropical cyclone,Saint Lucia,LCA,Americas,Latin America and the Caribbean,14.64,-61.02,2007,8.0,1.0,,,40000.0
2007-0380-PHL,Natural,Storm,Tropical cyclone,Philippines,PHL,Asia,South-eastern Asia,27.0,119.91,2007,8.0,3.0,380000.0,380000.0,492.0
2007-0411-TCD,Natural,Flood,Riverine flood,Chad,TCD,Africa,Sub-Saharan Africa,9.64,15.11,2007,8.0,3.0,3000.0,3000.0,
2007-0415-IND,Natural,Flood,Riverine flood,India,IND,Asia,Southern Asia,22.68,70.93,2007,8.0,16.0,,,
2007-0421-ROU,Natural,Flood,Riverine flood,Romania,ROU,Europe,Eastern Europe,45.82,27.24,2007,9.0,9.0,4116.0,4116.0,
2007-0427-SEN,Natural,Flood,Riverine flood,Senegal,SEN,Africa,Sub-Saharan Africa,15.47,-13.97,2007,8.0,8.0,5300.0,5300.0,
2007-0439-HND,Natural,Storm,Tropical cyclone,Honduras,HND,Americas,Latin America and the Caribbean,14.62,-83.64,2007,9.0,1.0,19500.0,19500.0,6579.0
2007-0446-THA,Natural,Flood,Riverine flood,Thailand,THA,Asia,South-eastern Asia,16.82,102.48,2007,9.0,10.0,17000.0,17000.0,
2007-0447-IDN,Natural,Flood,Flood (General),Indonesia,IDN,Asia,South-eastern Asia,-1.08,116.72,2007,9.0,4.0,1000.0,1000.0,
2007-0457-PHL,Natural,Storm,Tropical cyclone,Philippines,PHL,Asia,South-eastern Asia,38.57,125.83,2007,9.0,2.0,30000.0,30000.0,
2007-0463-PHL,Natural,Storm,Tropical cyclone,Philippines,PHL,Asia,South-eastern Asia,17.07,106.9,2007,9.0,8.0,2000.0,2000.0,
2007-0463-VNM,Natural,Storm,Tropical cyclone,Viet Nam,VNM,Asia,South-eastern Asia,17.07,106.9,2007,9.0,96.0,637755.0,685430.0,191000.0
2007-0464-MEX,Natural,Storm,Tropical cyclone,Mexico,MEX,Americas,Latin America and the Caribbean,20.93,-97.85,2007,9.0,5.0,33000.0,33000.0,
2007-0469-IND,Natural,Flood,Riverine flood,India,IND,Asia,Southern Asia,15.71,79.88,2007,9.0,94.0,20000.0,20000.0,
2007-0581-USA,Natural,Storm,Storm (General),United States of America,USA,Americas,Northern America,47.09,-122.91,2007,12.0,17.0,1100.0,1128.0,1000000.0
2007-0496-HTI,Natural,Flood,Riverine flood,Haiti,HTI,Americas,Latin America and the Caribbean,20.67,-76.4,2007,10.0,41.0,72520.0,75947.0,
2007-0498-CUB,Natural,Flood,Riverine flood,Cuba,CUB,Americas,Latin America and the Caribbean,20.67,-76.4,2007,10.0,,18000.0,18000.0,
2007-0553-PHL,Natural,Flood,Coastal flood,Philippines,PHL,Asia,South-eastern Asia,8.796,124.833,2007,11.0,11.0,16463.0,16463.0,2520.0
2007-0525-PHL,Natural,Flood,Riverine flood,Philippines,PHL,Asia,South-eastern Asia,13.36,123.38,2007,10.0,20.0,,,
2007-0527-COD,Natural,Flood,Riverine flood,Democratic Republic of the Congo,COD,Africa,Sub-Saharan Africa,-4.37,15.38,2007,10.0,32.0,1500.0,1600.0,
2007-0529-COL,Natural,Flood,Riverine flood,Colombia,COL,Americas,Latin America and the Caribbean,7.89,-74.91,2007,10.0,35.0,1162083.0,1162135.0,
2007-0556-BGD,Natural,Storm,Tropical cyclone,Bangladesh,BGD,Asia,Southern Asia,22.61,90.15,2007,11.0,4234.0,8923259.0,8978541.0,2300000.0
2007-0565-IDN,Natural,Earthquake,Ground movement,Indonesia,IDN,Asia,South-eastern Asia,-8.292,118.37,2007,11.0,3.0,20000.0,21800.0,
2007-0572-MTQ,Natural,Earthquake,Ground movement,Martinique,MTQ,Americas,Latin America and the Caribbean,14.944,-61.274,2007,11.0,1.0,,100.0,
2007-0578-PHL,Natural,Storm,Tropical cyclone,Philippines,PHL,Asia,South-eastern Asia,8.796,124.83,2007,11.0,20.0,35322.0,35333.0,1000.0
2007-0587-CHL,Natural,Earthquake,Ground movement,Chile,CHL,Americas,Latin America and the Caribbean,-22.247,-69.89,2007,11.0,2.0,25000.0,25155.0,100000.0
2007-0592-FJI,Natural,Flood,Flash flood,Fiji,FJI,Oceania,Melanesia,-17.77,177.48,2007,3.0,5.0,,,7000.0
2007-0598-KOR,Natural,Flood,Flood (General),Republic of Korea,KOR,Asia,Eastern Asia,33.4,126.72,2007,9.0,3.0,1000.0,1000.0,
2007-0599-CZE,Natural,Flood,Riverine flood,Czechia,CZE,Europe,Eastern Europe,48.91,16.35,2007,9.0,,300.0,300.0,
2007-0612-DOM,Natural,Storm,Tropical cyclone,Dominican Republic,DOM,Americas,Latin America and the Caribbean,18.93,-71.03,2007,12.0,33.0,61605.0,61605.0,45000.0
2007-0614-MWI,Natural,Flood,Flood (General),Malawi,MWI,Africa,Sub-Saharan Africa,-19.06,34.36,2007,11.0,,2000.0,2000.0,
2007-0616-ZWE,Natural,Flood,Riverine flood,Zimbabwe,ZWE,Africa,Sub-Saharan Africa,-20.78,31.24,2007,12.0,24.0,2000.0,2000.0,
2007-0633-ZMB,Natural,Flood,Riverine flood,Zambia,ZMB,Africa,Sub-Saharan Africa,-15.94,27.77,2007,12.0,10.0,34766.0,34766.0,
2007-0654-JPN,Natural,Earthquake,Ground movement,Japan,JPN,Asia,Eastern Asia,34.807,136.239,2007,4.0,,189.0,201.0,
2008-0001-KGZ,Natural,Earthquake,Ground movement,Kyrgyzstan,KGZ,Asia,Central Asia,40.288,72.985,2008,1.0,,3000.0,3000.0,
2008-0014-AUS,Natural,Flood,Riverine flood,Australia,AUS,Oceania,Australia and New Zealand,-28.44,152.87,2008,1.0,1.0,3000.0,3000.0,90000.0
2008-0040-RWA,Natural,Earthquake,Ground movement,Rwanda,RWA,Africa,Sub-Saharan Africa,-2.296,28.9,2008,2.0,36.0,,643.0,
2008-0052-IDN,Natural,Flood,Riverine flood,Indonesia,IDN,Asia,South-eastern Asia,-7.71,112.91,2008,1.0,3.0,40000.0,40000.0,653.0
2008-0060-AGO,Natural,Flood,Riverine flood,Angola,AGO,Africa,Sub-Saharan Africa,-17.05,17.26,2008,1.0,7.0,81400.0,81400.0,
2008-0060-NAM,Natural,Flood,Riverine flood,Namibia,NAM,Africa,Sub-Saharan Africa,-17.05,17.26,2008,1.0,42.0,65000.0,65000.0,
2008-0064-PER,Natural,Flood,Riverine flood,Peru,PER,Americas,Latin America and the Caribbean,-10.11,-73.01,2008,2.0,40.0,450000.0,450012.0,
2008-0077-PHL,Natural,Flood,Riverine flood,Philippines,PHL,Asia,South-eastern Asia,11.64,125.22,2008,2.0,63.0,875306.0,875343.0,30733.0
2008-0108-IDN,Natural,Flood,Riverine flood,Indonesia,IDN,Asia,South-eastern Asia,-7.13,112.37,2008,3.0,3.0,12000.0,12000.0,
2008-0129-KEN,Natural,Flood,Flood (General),Kenya,KEN,Africa,Sub-Saharan Africa,2.83,37.67,2008,3.0,2.0,10000.0,10000.0,
2008-0210-USA,Natural,Storm,Tornado,United States of America,USA,Americas,Northern America,39.82,-92.33,2008,5.0,7.0,,70.0,1600000.0
2008-0295-TWN,Natural,Storm,Tropical cyclone,Taiwan (Province of China),TWN,Asia,Eastern Asia,22.94,120.79,2008,7.0,26.0,,8.0,16000.0
2008-0229-CHL,Natural,Flood,Riverine flood,Chile,CHL,Americas,Latin America and the Caribbean,-35.86,-71.95,2008,5.0,5.0,40000.0,40000.0,
2008-0246-IND,Natural,Flood,Flash flood,India,IND,Asia,Southern Asia,25.18,91.54,2008,6.0,1063.0,7900000.0,7900000.0,123000.0
2008-0262-VNM,Natural,Flood,Flash flood,Viet Nam,VNM,Asia,South-eastern Asia,12.14,107.83,2008,5.0,4.0,500.0,500.0,
2008-0264-CAN,Natural,Flood,Riverine flood,Canada,CAN,Americas,Northern America,52.15,-81.96,2008,4.0,,2000.0,2000.0,
2008-0292-CHN,Natural,Storm,Tropical cyclone,China,CHN,Asia,Eastern Asia,32.56,114.41,2008,7.0,1.0,93000.0,93006.0,73000.0
2008-0293-JPN,Natural,Flood,Riverine flood,Japan,JPN,Asia,Eastern Asia,35.88,136.38,2008,7.0,5.0,50000.0,50003.0,
2008-0350-PAK,Natural,Flood,Riverine flood,Pakistan,PAK,Asia,Southern Asia,33.92,71.7,2008,8.0,36.0,200000.0,200012.0,103000.0
2008-0355-CHN,Natural,Earthquake,Ground movement,China,CHN,Asia,Eastern Asia,25.039,97.697,2008,8.0,6.0,,160.0,
2008-0374-CHN,Natural,Earthquake,Ground movement,China,CHN,Asia,Eastern Asia,26.241,101.889,2008,8.0,40.0,950000.0,1000589.0,492000.0
2008-0383-IDN,Natural,Flood,Riverine flood,Indonesia,IDN,Asia,South-eastern Asia,0.68,122.52,2008,9.0,16.0,118000.0,118000.0,1080.0
2008-0386-ETH,Natural,Flood,Flash flood,Ethiopia,ETH,Africa,Sub-Saharan Africa,7.585,33.31,2008,8.0,5.0,91764.0,91764.0,
2008-0401-IRN,Natural,Earthquake,Ground movement,Iran (Islamic Republic of),IRN,Asia,Southern Asia,26.743,55.828,2008,9.0,6.0,20500.0,20545.0,
2008-0415-IND,Natural,Flood,Riverine flood,India,IND,Asia,Southern Asia,16.65,81.38,2008,9.0,74.0,,,
2008-0416-CHN,Natural,Flood,Riverine flood,China,CHN,Asia,Eastern Asia,22.62,101.55,2008,8.0,20.0,810000.0,810000.0,42000.0
2008-0454-KGZ,Natural,Earthquake,Ground movement,Kyrgyzstan,KGZ,Asia,Central Asia,39.533,73.824,2008,10.0,74.0,,1197.0,
2008-0457-NIC,Natural,Flood,Riverine flood,Nicaragua,NIC,Americas,Latin America and the Caribbean,12.0,-86.37,2008,9.0,13.0,3525.0,3525.0,
2008-0500-PAK,Natural,Earthquake,Ground movement,Pakistan,PAK,Asia,Southern Asia,30.639,67.351,2008,10.0,166.0,75000.0,75320.0,10000.0
2008-0481-VNM,Natural,Flood,Flash flood,Viet Nam,VNM,Asia,South-eastern Asia,14.9,107.46,2008,10.0,29.0,12000.0,12004.0,4000.0
2008-0520-SSD,Natural,Flood,Riverine flood,South Sudan,SSD,Africa,Sub-Saharan Africa,9.24,29.66,2008,10.0,17.0,3000.0,3000.0,
2008-0551-CRI,Natural,Flood,Riverine flood,Costa Rica,CRI,Americas,Latin America and the Caribbean,8.57,80.8,2008,11.0,1.0,53000.0,53000.0,22000.0
2008-0560-LKA,Natural,Flood,Flash flood,Sri Lanka,LKA,Asia,Southern Asia,8.57,80.8,2008,11.0,15.0,360000.0,360000.0,
2009-0013-FJI,Natural,Flood,Riverine flood,Fiji,FJI,Oceania,Melanesia,-17.74,178.05,2009,1.0,12.0,10556.0,10556.0,43247.0
2009-0043-MAR,Natural,Flood,Riverine flood,Morocco,MAR,Africa,Northern Africa,32.65,-6.16,2009,2.0,24.0,2000.0,2000.0,
2009-0047-MDG,Natural,Storm,Tropical cyclone,Madagascar,MDG,Africa,Sub-Saharan Africa,-17.69,46.42,2009,1.0,12.0,58493.0,62505.0,
2009-0063-IDN,Natural,Flood,Flash flood,Indonesia,IDN,Asia,South-eastern Asia,-2.63,120.26,2009,1.0,18.0,12000.0,12000.0,
2009-0147-BDI,Natural,Flood,Riverine flood,Burundi,BDI,Africa,Sub-Saharan Africa,-3.27,29.75,2009,4.0,,8000.0,8000.0,
2009-0163-BRA,Natural,Flood,Riverine flood,Brazil,BRA,Americas,Latin America and the Caribbean,-3.19,-45.43,2009,4.0,56.0,1150900.0,1150900.0,550000.0
2009-0176-TJK,Natural,Flood,Riverine flood,Tajikistan,TJK,Asia,Central Asia,38.51,71.29,2009,4.0,21.0,15000.0,15000.0,1000.0
2009-0184-USA,Natural,Flood,Riverine flood,United States of America,USA,Americas,Northern America,37.66,-81.28,2009,5.0,,,900.0,
2009-0189-CAN,Natural,Flood,Riverine flood,Canada,CAN,Americas,Northern America,47.16,-67.63,2009,4.0,,200.0,200.0,
2009-0236-GHA,Natural,Flood,Riverine flood,Ghana,GHA,Africa,Sub-Saharan Africa,5.73,-0.1,2009,6.0,16.0,19755.0,19755.0,
2009-0515-MEX,Natural,Flood,Riverine flood,Mexico,MEX,Americas,Latin America and the Caribbean,18.48,-91.05,2009,11.0,,107670.0,107670.0,
2009-0375-NGA,Natural,Flood,Riverine flood,Nigeria,NGA,Africa,Sub-Saharan Africa,12.26,5.68,2009,9.0,,150000.0,150000.0,
2009-0378-CHN,Natural,Flood,Riverine flood,China,CHN,Asia,Eastern Asia,26.62,105.15,2009,8.0,12.0,118000.0,118000.0,
2009-0420-TON,Natural,Earthquake,Tsunami,Tonga,TON,Oceania,Polynesia,-15.489,-172.095,2009,9.0,9.0,500.0,507.0,9500.0
2009-0421-IDN,Natural,Earthquake,Ground movement,Indonesia,IDN,Asia,South-eastern Asia,-8.207,118.631,2009,9.0,1195.0,2500000.0,2501798.0,2200000.0
2009-0422-PHL,Natural,Storm,Tropical cyclone,Philippines,PHL,Asia,South-eastern Asia,17.57,121.42,2009,9.0,512.0,4478284.0,4478491.0,585379.0
2009-0512-BRA,Natural,Flood,Riverine flood,Brazil,BRA,Americas,Latin America and the Caribbean,-22.54,-43.12,2009,11.0,3.0,,200.0,
2009-0590-MAR,Natural,Flood,Flash flood,Morocco,MAR,Africa,Northern Africa,31.81,-6.78,2009,12.0,5.0,7500.0,7520.0,
2010-0087-CHN,Natural,Earthquake,Ground movement,China,CHN,Asia,Eastern Asia,25.523,101.903,2010,2.0,,50000.0,50011.0,
2009-0610-MYS,Natural,Flood,Riverine flood,Malaysia,MYS,Asia,South-eastern Asia,4.99,102.36,2009,11.0,,9082.0,9082.0,
2010-0058-MEX,Natural,Flood,Riverine flood,Mexico,MEX,Americas,Latin America and the Caribbean,19.94,-99.0,2010,1.0,41.0,20000.0,20000.0,16000.0
2010-0021-EGY,Natural,Flood,Riverine flood,Egypt,EGY,Africa,Northern Africa,28.08,31.09,2010,1.0,12.0,3500.0,3500.0,
2010-0067-DOM,Natural,Flood,Flash flood,Dominican Republic,DOM,Americas,Latin America and the Caribbean,19.63,-70.56,2010,2.0,1.0,25700.0,25700.0,
2010-0068-PRT,Natural,Flood,Riverine flood,Portugal,PRT,Europe,Southern Europe,32.76,-16.97,2010,2.0,43.0,600.0,618.0,1350000.0
2010-0101-SRB,Natural,Flood,Flash flood,Serbia,SRB,Europe,Southern Europe,44.47,21.14,2010,3.0,,3150.0,3150.0,
2010-0147-BRA,Natural,Flood,Riverine flood,Brazil,BRA,Americas,Latin America and the Caribbean,-22.44,-43.33,2010,4.0,256.0,74535.0,74938.0,200000.0
2010-0105-AGO,Natural,Flood,Riverine flood,Angola,AGO,Africa,Sub-Saharan Africa,-16.11,17.25,2010,3.0,7.0,110875.0,110886.0,
2010-0176-AFG,Natural,Flood,Riverine flood,Afghanistan,AFG,Asia,Southern Asia,34.38,62.25,2010,5.0,70.0,40000.0,40000.0,
2010-0187-USA,Natural,Storm,Severe weather,United States of America,USA,Americas,Northern America,36.07,-87.28,2010,4.0,30.0,8000.0,8000.0,2350000.0
2010-0220-GTM,Natural,Volcanic activity,Ash fall,Guatemala,GTM,Americas,Latin America and the Caribbean,14.381,-90.601,2010,5.0,,1800.0,1800.0,
2010-0233-FRA,Natural,Flood,Flash flood,France,FRA,Europe,Western Europe,43.5,6.6,2010,6.0,26.0,1000.0,1000.0,1500000.0
2010-0276-IND,Natural,Flood,Riverine flood,India,IND,Asia,Southern Asia,30.18,74.77,2010,7.0,53.0,,400000.0,447000.0
2010-0282-PAK,Natural,Flood,Riverine flood,Pakistan,PAK,Asia,Southern Asia,36.03,72.08,2010,6.0,46.0,,,
2010-0283-IND,Natural,Flood,Riverine flood,India,IND,Asia,Southern Asia,15.22,79.48,2010,5.0,27.0,50000.0,50000.0,
2010-0285-KEN,Natural,Flood,Riverine flood,Kenya,KEN,Africa,Sub-Saharan Africa,1.5,36.0,2010,5.0,100.0,70000.0,70000.0,
2010-0293-PAK,Natural,Flood,Flash flood,Pakistan,PAK,Asia,Southern Asia,30.51,66.95,2010,7.0,60.0,4000.0,4000.0,
2010-0297-SAU,Natural,Flood,Riverine flood,Saudi Arabia,SAU,Asia,Western Asia,21.51,41.92,2010,7.0,14.0,,,
2010-0301-IDN,Natural,Flood,Riverine flood,Indonesia,IDN,Asia,South-eastern Asia,-2.14,114.97,2010,7.0,21.0,15000.0,15007.0,
2010-0463-NZL,Natural,Earthquake,Ground movement,New Zealand,NZL,Oceania,Australia and New Zealand,-43.522,171.83,2010,9.0,,300000.0,300002.0,6500000.0
2010-0493-IND,Natural,Flood,Riverine flood,India,IND,Asia,Southern Asia,25.965,76.05,2010,9.0,,12500.0,12500.0,
2010-0484-TWN,Natural,Storm,Tropical cyclone,Taiwan (Province of China),TWN,Asia,Eastern Asia,22.429,120.7,2010,9.0,2.0,,100.0,63100.0
2010-0492-IND,Natural,Flood,Riverine flood,India,IND,Asia,Southern Asia,26.73,82.84,2010,9.0,200.0,3267183.0,3267183.0,1680000.0
2011-0082-IDN,Natural,Earthquake,Tsunami,Indonesia,IDN,Asia,South-eastern Asia,38.297,142.373,2011,3.0,1.0,,95.0,
2010-0501-JAM,Natural,Storm,Tropical cyclone,Jamaica,JAM,Americas,Latin America and the Caribbean,18.19,-77.29,2010,9.0,15.0,2480.0,2506.0,150000.0
2010-0563-IDN,Natural,Earthquake,Tsunami,Indonesia,IDN,Asia,South-eastern Asia,-3.487,100.082,2010,10.0,530.0,11452.0,11864.0,
2010-0509-NGA,Natural,Flood,Riverine flood,Nigeria,NGA,Africa,Sub-Saharan Africa,12.78,4.5,2010,9.0,40.0,1500000.0,1500200.0,30000.0
2010-0583-LKA,Natural,Flood,Flash flood,Sri Lanka,LKA,Asia,Southern Asia,7.275,80.3,2010,11.0,7.0,164183.0,164193.0,
2010-0597-VNM,Natural,Flood,Riverine flood,Viet Nam,VNM,Asia,South-eastern Asia,15.1821,108.8,2010,11.0,50.0,10000.0,10000.0,256000.0
2010-0616-VEN,Natural,Flood,Riverine flood,Venezuela (Bolivarian Republic of),VEN,Americas,Latin America and the Caribbean,9.77,-66.93,2010,11.0,41.0,94800.0,94800.0,170000.0
2010-0624-AUS,Natural,Flood,Riverine flood,Australia,AUS,Oceania,Australia and New Zealand,-29.83,147.38,2010,11.0,,1000.0,1000.0,
2010-0651-USA,Natural,Flood,Riverine flood,United States of America,USA,Americas,Northern America,38.8497,-120.73,2010,12.0,,1000.0,1000.0,
2010-0659-PHL,Natural,Flood,Flash flood,Philippines,PHL,Asia,South-eastern Asia,8.132,125.57,2010,12.0,110.0,1972433.0,1972446.0,47411.0
2010-0672-IRN,Natural,Earthquake,Ground movement,Iran (Islamic Republic of),IRN,Asia,Southern Asia,35.49,54.47,2010,8.0,3.0,,3600.0,
2011-0040-BOL,Natural,Flood,Riverine flood,Bolivia (Plurinational State of),BOL,Americas,Latin America and the Caribbean,-16.466,-65.6,2011,2.0,52.0,88825.0,88825.0,20000.0
2011-0044-PHL,Natural,Flood,Riverine flood,Philippines,PHL,Asia,South-eastern Asia,7.0,124.865,2011,2.0,11.0,2000.0,2000.0,
2011-0086-BRA,Natural,Flood,Riverine flood,Brazil,BRA,Americas,Latin America and the Caribbean,-23.783,-48.16,2011,3.0,10.0,31000.0,31000.0,
2011-0090-MMR,Natural,Earthquake,Ground movement,Myanmar,MMR,Asia,South-eastern Asia,20.687,99.822,2011,3.0,74.0,18000.0,21277.0,3600.0
2011-0130-JPN,Natural,Earthquake,Ground movement,Japan,JPN,Asia,Eastern Asia,38.276,141.588,2011,4.0,2.0,,132.0,
2011-0241-MEX,Natural,Storm,Tropical cyclone,Mexico,MEX,Americas,Latin America and the Caribbean,22.11,-98.75,2011,6.0,22.0,300000.0,300000.0,70000.0
2011-0170-TUR,Natural,Earthquake,Ground movement,Türkiye,TUR,Asia,Western Asia,39.149,29.103,2011,5.0,3.0,,10121.0,244000.0
2011-0212-CHN,Natural,Flood,Riverine flood,China,CHN,Asia,Eastern Asia,27.0633,108.11,2011,7.0,6.0,1600000.0,1600000.0,54130.0
2011-0213-BRA,Natural,Flood,Riverine flood,Brazil,BRA,Americas,Latin America and the Caribbean,-8.65047,-38.11,2011,7.0,15.0,78000.0,78000.0,
2011-0214-NGA,Natural,Flood,Riverine flood,Nigeria,NGA,Africa,Sub-Saharan Africa,12.5947,8.64,2011,7.0,20.0,26965.0,26965.0,
2011-0215-NPL,Natural,Flood,Riverine flood,Nepal,NPL,Asia,Southern Asia,28.9081,82.28,2011,7.0,15.0,,,
2011-0221-PHL,Natural,Flood,Flash flood,Philippines,PHL,Asia,South-eastern Asia,7.398,126.05,2011,6.0,31.0,121005.0,121005.0,251.0
2011-0270-GHA,Natural,Flood,Riverine flood,Ghana,GHA,Africa,Sub-Saharan Africa,7.8439,-0.45,2011,7.0,6.0,12571.0,12571.0,
2011-0425-USA,Natural,Flood,Riverine flood,United States of America,USA,Americas,Northern America,35.806,-79.37,2011,8.0,2.0,100.0,100.0,
2011-0443-PER,Natural,Earthquake,Ground movement,Peru,PER,Americas,Latin America and the Caribbean,-14.438,-75.966,2011,10.0,1.0,870.0,2681.0,
2011-0467-TUR,Natural,Earthquake,Ground movement,Türkiye,TUR,Asia,Western Asia,38.429,43.229,2011,11.0,40.0,,105.0,
2011-0512-MEX,Natural,Earthquake,Ground movement,Mexico,MEX,Americas,Latin America and the Caribbean,17.986,-99.789,2011,12.0,2.0,150.0,152.0,
2011-0568-IDN,Natural,Volcanic activity,Ash fall,Indonesia,IDN,Asia,South-eastern Asia,0.8,127.33,2011,12.0,3.0,2368.0,2373.0,
2011-0603-IDN,Natural,Flood,Riverine flood,Indonesia,IDN,Asia,South-eastern Asia,-7.379,110.24,2011,12.0,10.0,54.0,54.0,
2011-0617-TZA,Natural,Flood,Riverine flood,United Republic of Tanzania,TZA,Africa,Sub-Saharan Africa,-6.647,37.56,2011,4.0,8.0,9000.0,9000.0,
2012-0068-CAN,Natural,Flood,Riverine flood,Canada,CAN,Americas,Northern America,46.5994,-67.5,2012,3.0,,1500.0,1500.0,34000.0
2012-0070-CHL,Natural,Flood,Riverine flood,Chile,CHL,Americas,Latin America and the Caribbean,-52.8256,-69.41,2012,3.0,,4300.0,4300.0,3100.0
2012-0071-ECU,Natural,Flood,Riverine flood,Ecuador,ECU,Americas,Latin America and the Caribbean,-0.5987,-79.5,2012,1.0,29.0,71790.0,71860.0,
2012-0078-PHL,Natural,Flood,Riverine flood,Philippines,PHL,Asia,South-eastern Asia,8.22392,125.27,2012,2.0,,25000.0,25000.0,
2012-0172-PHL,Natural,Flood,Flash flood,Philippines,PHL,Asia,South-eastern Asia,6.873,124.78,2012,6.0,1.0,700.0,700.0,
2012-0080-GRC,Natural,Flood,Flash flood,Greece,GRC,Europe,Southern Europe,39.8677,21.01,2012,2.0,2.0,200.0,200.0,
2012-0175-BGD,Natural,Flood,Riverine flood,Bangladesh,BGD,Asia,Southern Asia,22.172,92.1,2012,6.0,139.0,5148475.0,5148475.0,
2012-0143-AFG,Natural,Flood,Riverine flood,Afghanistan,AFG,Asia,Southern Asia,34.2696,64.19,2012,5.0,74.0,27469.0,27769.0,
2012-0152-BGR,Natural,Earthquake,Ground movement,Bulgaria,BGR,Europe,Eastern Europe,42.645,22.968,2012,5.0,,140.0,210.0,
2012-0162-ITA,Natural,Earthquake,Ground movement,Italy,ITA,Europe,Southern Europe,44.851,11.086,2012,5.0,17.0,,14350.0,
2012-0164-AFG,Natural,Earthquake,Ground movement,Afghanistan,AFG,Asia,Southern Asia,36.023,69.351,2012,6.0,75.0,2965.0,3548.0,
2012-0166-KEN,Natural,Flood,Riverine flood,Kenya,KEN,Africa,Sub-Saharan Africa,-0.191962,35.19,2012,4.0,73.0,280670.0,280670.0,100000.0
2012-0178-TWN,Natural,Flood,Riverine flood,Taiwan (Province of China),TWN,Asia,Eastern Asia,24.0587,120.94,2012,6.0,6.0,35000.0,35000.0,16900.0
2012-0191-AZE,Natural,Earthquake,Ground movement,Azerbaijan,AZE,Asia,Western Asia,41.549,46.789,2012,5.0,,15500.0,15550.0,
2012-0313-USA,Natural,Storm,Tropical cyclone,United States of America,USA,Americas,Northern America,30.503,-89.35,2012,8.0,1.0,60000.0,60000.0,2000000.0
2012-0321-PHL,Natural,Earthquake,Ground movement,Philippines,PHL,Asia,South-eastern Asia,7.905,125.044,2012,9.0,,4000.0,4001.0,
2012-0351-VNM,Natural,Flood,Riverine flood,Viet Nam,VNM,Asia,South-eastern Asia,38.19,126.24,2012,9.0,34.0,,17540.0,30000.0
2012-0354-IND,Natural,Flood,Riverine flood,India,IND,Asia,Southern Asia,31.3,76.85,2012,9.0,45.0,200.0,200.0,20000.0
2012-0363-PAK,Natural,Flood,Riverine flood,Pakistan,PAK,Asia,Southern Asia,28.04,68.77,2012,8.0,480.0,5046462.0,5049364.0,2500000.0
2012-0397-CHN,Natural,Earthquake,Ground movement,China,CHN,Asia,Eastern Asia,32.978,119.593,2012,7.0,1.0,2530.0,2610.0,
2012-0431-PHL,Natural,Earthquake,Ground movement,Philippines,PHL,Asia,South-eastern Asia,10.811,126.638,2012,8.0,1.0,28869.0,28879.0,3244.0
2012-0536-CHN,Natural,Earthquake,Ground movement,China,CHN,Asia,Eastern Asia,38.745,88.098,2012,12.0,,5500.0,5500.0,96000.0
2012-0597-IRN,Natural,Earthquake,Ground movement,Iran (Islamic Republic of),IRN,Asia,Southern Asia,36.288,58.835,2012,1.0,,,238.0,
2012-0604-CHN,Natural,Earthquake,Ground movement,China,CHN,Asia,Eastern Asia,39.383,81.307,2012,3.0,,,36641.0,84000.0
2013-0178-AFG,Natural,Flood,Riverine flood,Afghanistan,AFG,Asia,Southern Asia,36.9291,68.85,2013,4.0,20.0,9500.0,9500.0,
2013-0020-IDN,Natural,Earthquake,Ground movement,Indonesia,IDN,Asia,South-eastern Asia,4.927,95.907,2013,1.0,1.0,500.0,515.0,
2013-0056-PER,Natural,Flood,Riverine flood,Peru,PER,Americas,Latin America and the Caribbean,-20.3461,-69.09,2013,1.0,67.0,180734.0,180766.0,
2013-0099-PAK,Natural,Earthquake,Ground movement,Pakistan,PAK,Asia,Southern Asia,28.033,61.996,2013,4.0,41.0,15000.0,15175.0,
2013-0119-ARG,Natural,Flood,Riverine flood,Argentina,ARG,Americas,Latin America and the Caribbean,-34.4809,-58.68,2013,4.0,52.0,350000.0,350000.0,1300000.0
2013-0121-HUN,Natural,Earthquake,Ground movement,Hungary,HUN,Europe,Eastern Europe,47.624,20.227,2013,4.0,,1800.0,1800.0,
2013-0190-CAN,Natural,Flood,Riverine flood,Canada,CAN,Americas,Northern America,51.24,-109.64,2013,6.0,4.0,100000.0,100000.0,5700000.0
2013-0205-DEU,Natural,Flood,Riverine flood,Germany,DEU,Europe,Western Europe,49.1358,12.11,2013,5.0,4.0,6350.0,6350.0,12900000.0
2013-0263-MMR,Natural,Flood,Riverine flood,Myanmar,MMR,Asia,South-eastern Asia,18.3122,98.16,2013,7.0,7.0,73300.0,73300.0,
2013-0276-PAK,Natural,Flood,Riverine flood,Pakistan,PAK,Asia,Southern Asia,28.7404,69.11,2013,8.0,234.0,1496870.0,1497725.0,1500000.0
2013-0278-RUS,Natural,Flood,Riverine flood,Russian Federation,RUS,Europe,Eastern Europe,50.0043,128.42,2013,8.0,,34135.0,34135.0,1000000.0
2013-0291-USA,Natural,Flood,Riverine flood,United States of America,USA,Americas,Northern America,38.8278,-88.64,2013,4.0,5.0,300.0,300.0,325000.0
2013-0303-RUS,Natural,Flood,Riverine flood,Russian Federation,RUS,Europe,Eastern Europe,44.3289,39.25,2013,2.0,4.0,1500.0,1500.0,
2013-0314-CHN,Natural,Earthquake,Ground movement,China,CHN,Asia,Eastern Asia,28.2425,99.3502,2013,8.0,3.0,538000.0,538050.0,155000.0
2014-0049-GRC,Natural,Earthquake,Ground movement,Greece,GRC,Europe,Southern Europe,38.2082,20.4528,2014,1.0,,2000.0,2023.0,178000.0
2013-0395-PHL,Natural,Earthquake,Ground movement,Philippines,PHL,Asia,South-eastern Asia,9.8796,124.1167,2013,10.0,230.0,3221248.0,3222224.0,51459.0
2013-0409-PER,Natural,Earthquake,Ground movement,Peru,PER,Americas,Latin America and the Caribbean,-15.8385,-74.5112,2013,9.0,,7055.0,7084.0,
2013-0405-GTM,Natural,Earthquake,Ground movement,Guatemala,GTM,Americas,Latin America and the Caribbean,14.6056,-92.1207,2013,9.0,1.0,520.0,572.0,2000.0
2013-0436-IDN,Natural,Earthquake,Ground movement,Indonesia,IDN,Asia,South-eastern Asia,5.1033,95.9709,2013,10.0,1.0,2735.0,2738.0,
2013-0438-SOM,Natural,Storm,Tropical cyclone,Somalia,SOM,Africa,Sub-Saharan Africa,21.68,57.43,2013,11.0,162.0,142380.0,142380.0,2000.0
2013-0441-ITA,Natural,Flood,Riverine flood,Italy,ITA,Europe,Southern Europe,40.3,9.01,2013,11.0,18.0,2700.0,2700.0,780000.0
2013-0445-SAU,Natural,Flood,Riverine flood,Saudi Arabia,SAU,Asia,Western Asia,27.41,44.81,2013,11.0,15.0,121.0,121.0,
2013-0484-PAK,Natural,Earthquake,Ground movement,Pakistan,PAK,Asia,Southern Asia,27.1825,65.5052,2013,9.0,22.0,,50.0,
2013-0533-THA,Natural,Flood,Riverine flood,Thailand,THA,Asia,South-eastern Asia,7.2182,100.39,2013,11.0,23.0,,15254.0,
2013-0555-CHN,Natural,Earthquake,Ground movement,China,CHN,Asia,Eastern Asia,31.066,110.412,2013,12.0,,90500.0,90500.0,6300.0
2014-0027-FRA,Natural,Flood,Riverine flood,France,FRA,Europe,Western Europe,43.9958,7.1,2014,1.0,4.0,1000.0,1000.0,
2014-0056-IDN,Natural,Flood,Riverine flood,Indonesia,IDN,Asia,South-eastern Asia,-6.6324,107.71,2014,1.0,32.0,20000.0,20000.0,600000.0
2014-0099-ZAF,Natural,Flood,Riverine flood,South Africa,ZAF,Africa,Sub-Saharan Africa,-21.5153,25.61,2014,3.0,32.0,7185.0,7185.0,85000.0
2014-0134-AFG,Natural,Flood,Flash flood,Afghanistan,AFG,Asia,Southern Asia,35.834,66.43,2014,4.0,431.0,140000.0,140100.0,
2014-0336-JPN,Natural,Volcanic activity,Volcanic activity (General),Japan,JPN,Asia,Eastern Asia,35.893,137.48,2014,9.0,63.0,,69.0,
2015-0208-BRA,Natural,Flood,Flood (General),Brazil,BRA,Americas,Latin America and the Caribbean,-6.97805,-67.8,2015,4.0,5.0,1000.0,1000.0,
2015-0129-IDN,Natural,Flood,Riverine flood,Indonesia,IDN,Asia,South-eastern Asia,-6.55868,108.4,2015,3.0,,8000.0,8000.0,
2015-0171-COL,Natural,Mass movement (wet),Landslide (wet),Colombia,COL,Americas,Latin America and the Caribbean,5.70693,-74.5,2015,5.0,93.0,,348.0,
2015-0175-CHN,Natural,Earthquake,Ground movement,China,CHN,Asia,Eastern Asia,27.8087,86.0655,2015,5.0,1.0,,,
2015-0175-IND,Natural,Earthquake,Ground movement,India,IND,Asia,Southern Asia,27.8087,86.0655,2015,5.0,20.0,,,
2015-0205-TZA,Natural,Flood,Flood (General),United Republic of Tanzania,TZA,Africa,Sub-Saharan Africa,-5.06017,36.89,2015,5.0,12.0,,5000.0,
2015-0287-CMR,Natural,Flood,Flood (General),Cameroon,CMR,Africa,Sub-Saharan Africa,3.94741,9.88,2015,6.0,4.0,30000.0,30000.0,
2015-0185-CHN,Natural,Flood,Riverine flood,China,CHN,Asia,Eastern Asia,27.0326,114.98,2015,5.0,58.0,82000.0,82021.0,800000.0
2015-0194-TJK,Natural,Flood,Riverine flood,Tajikistan,TJK,Asia,Central Asia,37.8142,73.26,2015,5.0,,5401.0,5401.0,
2015-0216-MYS,Natural,Earthquake,Ground movement,Malaysia,MYS,Asia,South-eastern Asia,5.987,116.541,2015,6.0,24.0,,10.0,2.0
2015-0258-IRN,Natural,Flood,Flash flood,Iran (Islamic Republic of),IRN,Asia,Southern Asia,33.6304,54.04,2015,7.0,23.0,4000.0,4030.0,
2015-0285-BRA,Natural,Flood,Flood (General),Brazil,BRA,Americas,Latin America and the Caribbean,-25.5689,-50.75,2015,7.0,3.0,283140.0,283140.0,
2015-0291-PAK,Natural,Flood,Flood (General),Pakistan,PAK,Asia,Southern Asia,34.3432,72.27,2015,7.0,238.0,1572191.0,1572423.0,
2015-0292-VNM,Natural,Flood,Flash flood,Viet Nam,VNM,Asia,South-eastern Asia,20.8137,106.86,2015,7.0,32.0,15000.0,15000.0,204000.0
2015-0310-PRY,Natural,Flood,Riverine flood,Paraguay,PRY,Americas,Latin America and the Caribbean,-25.451,-59.27,2015,7.0,,3700.0,3700.0,
2015-0318-MKD,Natural,Flood,Flash flood,North Macedonia,MKD,Europe,Southern Europe,41.7575,21.19,2015,8.0,7.0,5000.0,5030.0,87000.0
2015-0361-ECU,Natural,Volcanic activity,Lava flow,Ecuador,ECU,Americas,Latin America and the Caribbean,-0.677,-78.436,2015,8.0,,800000.0,800000.0,
2015-0383-BOL,Natural,Flood,Flood (General),Bolivia (Plurinational State of),BOL,Americas,Latin America and the Caribbean,-11.5042,-65.84,2015,2.0,,4000.0,4000.0,
2015-0460-VNM,Natural,Flood,Flood (General),Viet Nam,VNM,Asia,South-eastern Asia,20.567,104.762,2015,9.0,2.0,100.0,100.0,
2015-0470-MEX,Natural,Storm,Tropical cyclone,Mexico,MEX,Americas,Latin America and the Caribbean,28.381,-101.772,2015,10.0,14.0,15000.0,15000.0,823000.0
2015-0504-IND,Natural,Flood,Flood (General),India,IND,Asia,Southern Asia,11.828,78.855,2015,11.0,325.0,1800000.0,1801000.0,2200000.0
2015-0551-PRY,Natural,Flood,Riverine flood,Paraguay,PRY,Americas,Latin America and the Caribbean,-26.037,-55.848,2015,11.0,12.0,136450.0,136450.0,
2015-0564-KEN,Natural,Flood,Riverine flood,Kenya,KEN,Africa,Sub-Saharan Africa,-2.036,39.513,2015,12.0,112.0,240726.0,240799.0,
2016-0028-TZA,Natural,Flood,Flood (General),United Republic of Tanzania,TZA,Africa,Sub-Saharan Africa,-4.762,35.505,2016,1.0,3.0,58896.0,58896.0,
2016-0096-NZL,Natural,Flood,Flash flood,New Zealand,NZL,Oceania,Australia and New Zealand,-42.169,172.21,2016,3.0,,300.0,300.0,25000.0
2016-0100-PAK,Natural,Earthquake,Ground movement,Pakistan,PAK,Asia,Southern Asia,36.473,71.13,2016,4.0,6.0,100.0,142.0,
2016-0117-ECU,Natural,Earthquake,Ground movement,Ecuador,ECU,Americas,Latin America and the Caribbean,0.382,-79.92,2016,4.0,672.0,383090.0,389364.0,2000000.0
2016-0164-RWA,Natural,Mass movement (wet),Landslide (wet),Rwanda,RWA,Africa,Sub-Saharan Africa,-2.057,30.012,2016,5.0,50.0,30000.0,30030.0,
2016-0212-GHA,Natural,Flood,Flood (General),Ghana,GHA,Africa,Sub-Saharan Africa,6.414,-1.165,2016,6.0,10.0,,,
2016-0232-MMR,Natural,Flood,Flood (General),Myanmar,MMR,Asia,South-eastern Asia,18.316,95.26,2016,6.0,14.0,377667.0,377667.0,
2016-0246-BOL,Natural,Flood,Flood (General),Bolivia (Plurinational State of),BOL,Americas,Latin America and the Caribbean,-12.843,-64.93,2016,2.0,,120.0,120.0,
2016-0292-USA,Natural,Flood,Flood (General),United States of America,USA,Americas,Northern America,29.988,-91.8,2016,8.0,13.0,70000.0,70000.0,10000000.0
2016-0298-PER,Natural,Earthquake,Ground movement,Peru,PER,Americas,Latin America and the Caribbean,-15.64,-71.68,2016,8.0,4.0,11115.0,11182.0,
2016-0345-IDN,Natural,Flood,Flood (General),Indonesia,IDN,Asia,South-eastern Asia,-7.042,108.238,2016,9.0,53.0,,8920.0,22000.0
2016-0420-ALB,Natural,Flood,Flood (General),Albania,ALB,Europe,Southern Europe,42.254,19.446,2016,11.0,3.0,4500.0,4500.0,
2016-0493-USA,Natural,Earthquake,Ground movement,United States of America,USA,Americas,Northern America,35.991,-96.803,2016,11.0,,120.0,120.0,20000.0
2016-0516-MYS,Natural,Flood,Flood (General),Malaysia,MYS,Asia,South-eastern Asia,4.7,102.411,2016,12.0,,25000.0,25000.0,132000.0
2016-0536-CHN,Natural,Earthquake,Ground movement,China,CHN,Asia,Eastern Asia,26.085,99.575,2016,5.0,2.0,,5000.0,60000.0
2017-0006-THA,Natural,Flood,Riverine flood,Thailand,THA,Asia,South-eastern Asia,7.305,100.061,2017,1.0,96.0,1800000.0,1800000.0,1000000.0
2017-0113-CHN,Natural,Earthquake,Ground movement,China,CHN,Asia,Eastern Asia,25.938,99.841,2017,3.0,,,2106.0,31000.0
2017-0126-CAN,Natural,Flood,Flood (General),Canada,CAN,Americas,Northern America,45.575,-74.406,2017,5.0,2.0,16113.0,16113.0,200000.0
2017-0204-IRN,Natural,Earthquake,Ground movement,Iran (Islamic Republic of),IRN,Asia,Southern Asia,37.772,57.204,2017,5.0,3.0,,2262.0,2000.0
2017-0205-KEN,Natural,Flood,Riverine flood,Kenya,KEN,Africa,Sub-Saharan Africa,-2.879,37.88,2017,5.0,26.0,25000.0,25000.0,
2017-0216-GUY,Natural,Flood,Riverine flood,Guyana,GUY,Americas,Latin America and the Caribbean,3.815,-59.015,2017,5.0,,3274.0,3274.0,
2017-0282-USA,Natural,Flood,Flash flood,United States of America,USA,Americas,Northern America,34.349,-111.264,2017,7.0,10.0,,,
2017-0321-NPL,Natural,Flood,Flood (General),Nepal,NPL,Asia,Southern Asia,27.295,86.427,2017,6.0,11.0,6000.0,6000.0,
2017-0398-CHN,Natural,Flood,Flood (General),China,CHN,Asia,Eastern Asia,29.612,113.645,2017,9.0,16.0,53100.0,61500.0,361000.0
2017-0446-IRN,Natural,Earthquake,Ground movement,Iran (Islamic Republic of),IRN,Asia,Southern Asia,34.911,45.959,2017,11.0,444.0,200000.0,209000.0,740000.0
2017-0493-LKA,Natural,Flood,Flood (General),Sri Lanka,LKA,Asia,Southern Asia,8.604,80.637,2017,11.0,9.0,13197.0,13197.0,
2017-0497-PHL,Natural,Flood,Flash flood,Philippines,PHL,Asia,South-eastern Asia,10.566,123.171,2017,9.0,,8000.0,8000.0,
2017-0504-ALB,Natural,Flood,Flash flood,Albania,ALB,Europe,Southern Europe,44.885,15.215,2017,11.0,1.0,21000.0,21002.0,8900.0
2017-0513-CHN,Natural,Earthquake,Ground movement,China,CHN,Asia,Eastern Asia,29.833,94.978,2017,11.0,,23400.0,23403.0,
2017-0548-OMN,Natural,Flood,Flood (General),Oman,OMN,Asia,Western Asia,24.36,55.968,2017,12.0,3.0,200.0,200.0,
2018-0005-COD,Natural,Flood,Flood (General),Democratic Republic of the Congo,COD,Africa,Sub-Saharan Africa,-4.355,15.116,2018,1.0,51.0,,15760.0,
2018-0011-PER,Natural,Earthquake,Ground movement,Peru,PER,Americas,Latin America and the Caribbean,-15.759,74.71,2018,1.0,2.0,7885.0,9319.0,
2018-0055-PNG,Natural,Earthquake,Ground movement,Papua New Guinea,PNG,Oceania,Melanesia,-6.149,142.766,2018,2.0,145.0,544000.0,544300.0,61000.0
2018-0059-TWN,Natural,Earthquake,Ground movement,Taiwan (Province of China),TWN,Asia,Eastern Asia,24.136,121.658,2018,2.0,84.0,,285.0,100000.0
2018-0064-MWI,Natural,Flood,Flood (General),Malawi,MWI,Africa,Sub-Saharan Africa,-10.351,33.847,2018,2.0,1.0,300.0,300.0,
2018-0066-PRY,Natural,Flood,Riverine flood,Paraguay,PRY,Americas,Latin America and the Caribbean,-25.312,-57.599,2018,1.0,,5000.0,5000.0,
2018-0113-RUS,Natural,Flood,Flood (General),Russian Federation,RUS,Europe,Eastern Europe,52.883,84.596,2018,3.0,2.0,3672.0,3672.0,
2018-0215-CHN,Natural,Earthquake,Ground movement,China,CHN,Asia,Eastern Asia,45.236,124.642,2018,5.0,,12000.0,12000.0,29000.0
2018-0220-BGR,Natural,Flood,Flood (General),Bulgaria,BGR,Europe,Eastern Europe,42.698,23.9,2018,6.0,,600.0,600.0,
2018-0254-IDN,Natural,Earthquake,Ground movement,Indonesia,IDN,Asia,South-eastern Asia,-8.274,116.491,2018,7.0,14.0,102717.0,102852.0,29000.0
2018-0302-IDN,Natural,Earthquake,Ground movement,Indonesia,IDN,Asia,South-eastern Asia,-8.325,116.577,2018,8.0,10.0,755.0,779.0,5000.0
2018-0310-IRN,Natural,Earthquake,Ground movement,Iran (Islamic Republic of),IRN,Asia,Southern Asia,34.663,46.277,2018,8.0,2.0,10000.0,13255.0,
2018-0317-PNG,Natural,Earthquake,Ground movement,Papua New Guinea,PNG,Oceania,Melanesia,-6.294,142.607,2018,3.0,25.0,,,
2018-0323-CHN,Natural,Earthquake,Ground movement,China,CHN,Asia,Eastern Asia,24.298,102.91,2018,8.0,,18000.0,18024.0,50000.0
2018-0360-HTI,Natural,Earthquake,Ground movement,Haiti,HTI,Americas,Latin America and the Caribbean,20.034,-73.013,2018,10.0,17.0,38915.0,39336.0,
2018-0365-NGA,Natural,Flood,Flood (General),Nigeria,NGA,Africa,Sub-Saharan Africa,10.475,8.238,2018,9.0,199.0,1921026.0,1922332.0,275000.0
2018-0386-VEN,Natural,Flood,Flash flood,Venezuela (Bolivarian Republic of),VEN,Americas,Latin America and the Caribbean,10.426,-66.55,2018,9.0,2.0,1000.0,1000.0,
2018-0426-IRN,Natural,Earthquake,Ground movement,Iran (Islamic Republic of),IRN,Asia,Southern Asia,34.304,45.74,2018,11.0,,,716.0,10000.0
2023-0091-SYR,Natural,Earthquake,Ground movement,Syrian Arab Republic,SYR,Asia,Western Asia,36.159,36.034,2023,2.0,,,470.0,
2019-0091-CHL,Natural,Flood,Flood (General),Chile,CHL,Americas,Latin America and the Caribbean,-21.965,-69.245,2019,2.0,6.0,600.0,600.0,
2019-0101-MWI,Natural,Flood,Flood (General),Malawi,MWI,Africa,Sub-Saharan Africa,-14.53,34.317,2019,3.0,60.0,975000.0,975672.0,
2019-0271-PNG,Natural,Earthquake,Ground movement,Papua New Guinea,PNG,Oceania,Melanesia,-4.051,152.6,2019,5.0,,650.0,651.0,
2019-0162-PHL,Natural,Earthquake,Ground movement,Philippines,PHL,Asia,South-eastern Asia,14.99,120.35,2019,4.0,25.0,15273.0,15555.0,50000.0
2019-0222-ROU,Natural,Flood,Flood (General),Romania,ROU,Europe,Eastern Europe,45.624,26.653,2019,5.0,4.0,362.0,362.0,
2019-0306-USA,Natural,Earthquake,Ground movement,United States of America,USA,Americas,Northern America,35.77,-117.599,2019,7.0,,150.0,150.0,200000.0
2019-0322-JPN,Natural,Earthquake,Ground movement,Japan,JPN,Asia,Eastern Asia,38.637,139.48,2019,6.0,,432.0,460.0,
2019-0444-ALB,Natural,Earthquake,Ground movement,Albania,ALB,Europe,Southern Europe,41.381,19.454,2019,9.0,,4500.0,4608.0,45000.0
2019-0461-YEM,Natural,Flood,Flood (General),Yemen,YEM,Asia,Western Asia,43.571,15.118,2019,7.0,12.0,500.0,500.0,
2019-0516-JPN,Natural,Flood,Flood (General),Japan,JPN,Asia,Eastern Asia,36.739,140.269,2019,10.0,10.0,270.0,270.0,
2019-0608-URY,Natural,Flood,Flood (General),Uruguay,URY,Americas,Latin America and the Caribbean,-33.749,-55.922,2019,10.0,,270.0,270.0,
2019-0633-MOZ,Natural,Flood,Flood (General),Mozambique,MOZ,Africa,Sub-Saharan Africa,-16.223,36.866,2019,12.0,28.0,58000.0,58066.0,
2020-0221-OMN,Natural,Flood,Flood (General),Oman,OMN,Asia,Western Asia,18.398,54.533,2020,5.0,3.0,100.0,100.0,
2020-0022-BRA,Natural,Flood,Flood (General),Brazil,BRA,Americas,Latin America and the Caribbean,-19.398,-45.901,2020,1.0,61.0,11000.0,11012.0,300000.0
2020-0073-IRN,Natural,Earthquake,Ground movement,Iran (Islamic Republic of),IRN,Asia,Southern Asia,38.543,44.447,2020,2.0,,15000.0,15075.0,
2020-0225-IDN,Natural,Earthquake,Ground movement,Indonesia,IDN,Asia,South-eastern Asia,2.911,128.248,2020,6.0,,1490.0,1560.0,
2020-0088-VNM,Natural,Storm,Extra-tropical storm,Viet Nam,VNM,Asia,South-eastern Asia,20.691,105.183,2020,3.0,5.0,4635.0,4652.0,1500.0
2020-0103-MDG,Natural,Storm,Tropical cyclone,Madagascar,MDG,Africa,Sub-Saharan Africa,-14.488,48.767,2020,3.0,4.0,3200.0,3200.0,
2020-0273-POL,Natural,Flood,Flood (General),Poland,POL,Europe,Eastern Europe,51.154,22.49,2020,6.0,,5200.0,5200.0,
2020-0168-YEM,Natural,Flood,Flash flood,Yemen,YEM,Asia,Western Asia,13.259,44.437,2020,4.0,10.0,150000.0,150030.0,10000.0
2020-0173-AGO,Natural,Flood,Flash flood,Angola,AGO,Africa,Sub-Saharan Africa,-9.139,14.201,2020,4.0,30.0,10600.0,10600.0,
2020-0283-UKR,Natural,Flood,Flood (General),Ukraine,UKR,Europe,Eastern Europe,49.315,30.061,2020,6.0,3.0,55000.0,55000.0,153861.0
2020-0370-PHL,Natural,Earthquake,Ground movement,Philippines,PHL,Asia,South-eastern Asia,12.021,124.123,2020,8.0,1.0,4255.0,4980.0,2500.0
2021-0002-ARG,Natural,Earthquake,Ground movement,Argentina,ARG,Americas,Latin America and the Caribbean,-31.818,-68.847,2021,1.0,,1800.0,1814.0,
2021-0225-IND,Natural,Earthquake,Ground movement,India,IND,Asia,Southern Asia,26.781,92.457,2021,4.0,2.0,3000.0,3010.0,
2023-0636-AFG,Natural,Earthquake,Ground movement,Afghanistan,AFG,Asia,Southern Asia,34.517,61.946,2023,10.0,1480.0,275000.0,276950.0,217000.0
2021-0134-GRC,Natural,Earthquake,Ground movement,Greece,GRC,Europe,Southern Europe,39.789,22.119,2021,3.0,,,2711.0,10000.0
2021-0194-JPN,Natural,Earthquake,Ground movement,Japan,JPN,Asia,Eastern Asia,38.475,141.633,2021,3.0,,600.0,611.0,550000.0
2021-0201-CHN,Natural,Earthquake,Ground movement,China,CHN,Asia,Eastern Asia,41.816,81.164,2021,3.0,3.0,195.0,195.0,125000.0
2021-0323-IDN,Natural,Earthquake,Ground movement,Indonesia,IDN,Asia,South-eastern Asia,-3.593,129.503,2021,6.0,,750.0,750.0,
2022-0042-IDN,Natural,Earthquake,Ground movement,Indonesia,IDN,Asia,South-eastern Asia,-6.86,105.289,2022,1.0,,13415.0,15390.0,23000.0
2022-0115-IDN,Natural,Earthquake,Ground movement,Indonesia,IDN,Asia,South-eastern Asia,0.216,100.096,2022,2.0,15.0,24000.0,24903.0,39000.0
2023-0653-NPL,Natural,Earthquake,Ground movement,Nepal,NPL,Asia,Southern Asia,29.498,81.243,2023,10.0,1.0,36250.0,36273.0,
2022-0402-IRN,Natural,Earthquake,Ground movement,Iran (Islamic Republic of),IRN,Asia,Southern Asia,26.899,55.321,2022,7.0,5.0,22216.0,22300.0,143000.0
2022-0334-CHN,Natural,Earthquake,Ground movement,China,CHN,Asia,Eastern Asia,30.395,102.958,2022,6.0,4.0,13500.0,13541.0,42000.0
2022-0342-AFG,Natural,Earthquake,Ground movement,Afghanistan,AFG,Asia,Southern Asia,33.092,69.514,2022,6.0,1163.0,361634.0,364623.0,
2022-0731-NPL,Natural,Earthquake,Ground movement,Nepal,NPL,Asia,Southern Asia,29.274,81.149,2022,11.0,6.0,30000.0,30008.0,
2022-0755-IDN,Natural,Earthquake,Ground movement,Indonesia,IDN,Asia,South-eastern Asia,-6.853,107.095,2022,11.0,334.0,2200000.0,2204645.0,
2022-0765-TUR,Natural,Earthquake,Ground movement,Türkiye,TUR,Asia,Western Asia,40.847,30.967,2022,11.0,2.0,213.0,306.0,50000.0
2023-0006-IDN,Natural,Earthquake,Ground movement,Indonesia,IDN,Asia,South-eastern Asia,-7.065,130.005,2023,1.0,1.0,4350.0,4421.0,
2020-0073-TUR,Natural,Earthquake,Ground movement,Türkiye,TUR,Asia,Western Asia,38.543,44.447,2020,2.0,9.0,,3050.0,
2019-0596-MEX,Natural,Flood,Flood (General),Mexico,MEX,Americas,Latin America and the Caribbean,28.484,-107.661,2019,11.0,3.0,500.0,500.0,
2019-0629-LKA,Natural,Flood,Flood (General),Sri Lanka,LKA,Asia,Southern Asia,7.922,80.835,2019,12.0,3.0,65316.0,65322.0,
2020-0034-TUR,Natural,Earthquake,Ground movement,Türkiye,TUR,Asia,Western Asia,38.39,44.367,2020,1.0,41.0,69000.0,70607.0,340000.0
2020-0296-JPN,Natural,Flood,Flood (General),Japan,JPN,Asia,Eastern Asia,32.666,131.039,2020,6.0,82.0,250000.0,250114.0,5800000.0
2020-0062-MOZ,Natural,Flood,Flood (General),Mozambique,MOZ,Africa,Sub-Saharan Africa,-18.013,35.282,2020,2.0,2.0,8700.0,8700.0,
2020-0122-PER,Natural,Flood,Flash flood,Peru,PER,Americas,Latin America and the Caribbean,-7.011,-76.88,2020,3.0,,550.0,550.0,
2020-0142-IRN,Natural,Flood,Flood (General),Iran (Islamic Republic of),IRN,Asia,Southern Asia,33.039,54.161,2020,4.0,8.0,2500.0,2501.0,
2020-0159-SOM,Natural,Flood,Flood (General),Somalia,SOM,Africa,Sub-Saharan Africa,6.142,47.085,2020,4.0,26.0,1000000.0,1000020.0,
2020-0289-MYS,Natural,Flood,Flood (General),Malaysia,MYS,Asia,South-eastern Asia,24.561,103.055,2020,6.0,,1210.0,1210.0,
2020-0166-TZA,Natural,Flood,Flood (General),United Republic of Tanzania,TZA,Africa,Sub-Saharan Africa,-4.512,34.218,2020,4.0,2.0,19323.0,19323.0,
2020-0244-CHN,Natural,Earthquake,Ground movement,China,CHN,Asia,Eastern Asia,27.296,103.281,2020,5.0,4.0,3300.0,3324.0,17000.0
2020-0281-MEX,Natural,Earthquake,Ground movement,Mexico,MEX,Americas,Latin America and the Caribbean,15.916,-95.953,2020,6.0,10.0,24369.0,24393.0,75000.0
2020-0284-MNG,Natural,Flood,Flood (General),Mongolia,MNG,Asia,Eastern Asia,46.388,106.222,2020,6.0,2.0,1230.0,1230.0,
2020-0466-GRC,Natural,Earthquake,Ground movement,Greece,GRC,Europe,Southern Europe,37.913,26.779,2020,10.0,2.0,900.0,919.0,
2020-0466-TUR,Natural,Earthquake,Ground movement,Türkiye,TUR,Asia,Western Asia,37.913,26.779,2020,10.0,115.0,,6034.0,450000.0
2021-0105-JPN,Natural,Earthquake,Ground movement,Japan,JPN,Asia,Eastern Asia,37.745,141.749,2021,2.0,1.0,7647.0,7892.0,7700000.0
2021-0225-BTN,Natural,Earthquake,Ground movement,Bhutan,BTN,Asia,Southern Asia,26.781,92.457,2021,4.0,,500.0,502.0,
2021-0587-CHN,Natural,Earthquake,Ground movement,China,CHN,Asia,Eastern Asia,29.182,105.391,2021,9.0,3.0,21870.0,24395.0,250000.0
2021-0654-PAK,Natural,Earthquake,Ground movement,Pakistan,PAK,Asia,Southern Asia,30.22,68.014,2021,10.0,21.0,63800.0,64100.0,
2021-0758-PER,Natural,Earthquake,Ground movement,Peru,PER,Americas,Latin America and the Caribbean,-4.49,-76.846,2021,11.0,,17909.0,17912.0,
2021-0829-LAO,Natural,Earthquake,Ground movement,Lao People's Democratic Republic,LAO,Asia,South-eastern Asia,22.37,101.671,2021,12.0,,,,120.0
2022-0057-HTI,Natural,Earthquake,Ground movement,Haiti,HTI,Americas,Latin America and the Caribbean,18.494,-73.3,2022,1.0,2.0,15.0,1017.0,
2022-0430-PER,Natural,Earthquake,Ground movement,Peru,PER,Americas,Latin America and the Caribbean,-16.783,-71.31,2022,7.0,,300.0,302.0,
2022-0448-PHL,Natural,Earthquake,Ground movement,Philippines,PHL,Asia,South-eastern Asia,17.56,120.801,2022,7.0,10.0,502462.0,502856.0,151000.0
2022-0592-PNG,Natural,Earthquake,Ground movement,Papua New Guinea,PNG,Oceania,Melanesia,-6.256,146.469,2022,9.0,7.0,,1969.0,
2022-0703-PHL,Natural,Earthquake,Ground movement,Philippines,PHL,Asia,South-eastern Asia,17.662,120.823,2022,10.0,,147378.0,147422.0,1400.0
2023-0012-IRN,Natural,Earthquake,Ground movement,Iran (Islamic Republic of),IRN,Asia,Southern Asia,38.44,44.946,2023,1.0,,41426.0,41678.0,50000.0
2023-0047-IRN,Natural,Earthquake,Ground movement,Iran (Islamic Republic of),IRN,Asia,Southern Asia,38.424,44.909,2023,1.0,3.0,261387.0,262404.0,255000.0
2023-0155-ECU,Natural,Earthquake,Ground movement,Ecuador,ECU,Americas,Latin America and the Caribbean,-2.837,-79.844,2023,3.0,14.0,126922.0,127416.0,
2023-0155-PER,Natural,Earthquake,Ground movement,Peru,PER,Americas,Latin America and the Caribbean,-2.837,-79.844,2023,3.0,1.0,140.0,141.0,
2023-0838-CHN,Natural,Earthquake,Ground movement,China,CHN,Asia,Eastern Asia,35.743,102.827,2023,12.0,151.0,600000.0,600980.0,1000000.0
2024-0001-JPN,Natural,Earthquake,Ground movement,Japan,JPN,Asia,Eastern Asia,37.495,137.265,2024,1.0,699.0,94947.0,169562.0,15000000.0
2024-0262-IDN,Natural,Earthquake,Ground movement,Indonesia,IDN,Asia,South-eastern Asia,-8.005,107.28,2024,4.0,1.0,2730.0,2812.0,
2024-0473-PER,Natural,Earthquake,Ground movement,Peru,PER,Americas,Latin America and the Caribbean,-15.827,-74.464,2024,6.0,,9000.0,9063.0,
2025-0248-TJK,Natural,Earthquake,Ground movement,Tajikistan,TJK,Asia,Central Asia,38.98,70.79,2025,4.0,1.0,4004.0,4020.0,
2025-0499-GTM,Natural,Earthquake,Ground movement,Guatemala,GTM,Americas,Latin America and the Caribbean,14.437,-90.661,2025,7.0,9.0,14541.0,14550.0,
2025-0619-USA,Natural,Earthquake,Tsunami,United States of America,USA,Americas,Northern America,52.498,160.264,2025,7.0,,,,1000.0
2025-0815-VEN,Natural,Earthquake,Ground movement,Venezuela (Bolivarian Republic of),VEN,Americas,Latin America and the Caribbean,9.922,-70.717,2025,9.0,,130.0,210.0,
2025-0822-CHN,Natural,Earthquake,Ground movement,China,CHN,Asia,Eastern Asia,34.931,104.583,2025,9.0,,12984.0,12995.0,
2025-0844-PHL,Natural,Earthquake,Ground movement,Philippines,PHL,Asia,South-eastern Asia,11.136,124.127,2025,9.0,79.0,754733.0,755292.0,100000.0
2025-0932-AFG,Natural,Earthquake,Ground movement,Afghanistan,AFG,Asia,Southern Asia,36.589,67.484,2025,11.0,26.0,1411000.0,1412172.0,10000.0
2000-0033-CHN,Natural,Earthquake,Ground movement,China,CHN,Asia,Eastern Asia,25.607,101.063,2000,1.0,7.0,1760000.0,1855007.0,73500.0
2000-0036-CHN,Natural,Earthquake,Ground movement,China,CHN,Asia,Eastern Asia,24.263,103.797,2000,1.0,1.0,10300.0,10302.0,483.0
2000-0081-COL,Natural,Earthquake,Ground movement,Colombia,COL,Americas,Latin America and the Caribbean,7.042,-77.829,2000,11.0,2.0,430.0,430.0,
2000-0041-CHN,Natural,Earthquake,Ground movement,China,CHN,Asia,Eastern Asia,40.498,122.994,2000,1.0,,44000.0,62030.0,
2000-0065-IRN,Natural,Earthquake,Ground movement,Iran (Islamic Republic of),IRN,Asia,Southern Asia,35.217,58.175,2000,2.0,,1000.0,1000.0,
2000-0176-JPN,Natural,Volcanic activity,Ash fall,Japan,JPN,Asia,Eastern Asia,34.92,139.12,2000,3.0,,12400.0,12400.0,
2000-0298-CHN,Natural,Earthquake,Ground movement,China,CHN,Asia,Eastern Asia,37.012,103.791,2000,6.0,,,100.0,
2000-0527-CHN,Natural,Earthquake,Ground movement,China,CHN,Asia,Eastern Asia,25.826,102.194,2000,8.0,1.0,,177611.0,43000.0
2000-0653-TZA,Natural,Earthquake,Ground movement,United Republic of Tanzania,TZA,Africa,Sub-Saharan Africa,-7.977,30.709,2000,10.0,1.0,750.0,791.0,
2000-0656-JPN,Natural,Earthquake,Ground movement,Japan,JPN,Asia,Eastern Asia,35.456,133.134,2000,10.0,,6690.0,7132.0,500000.0
2000-0743-TJK,Natural,Earthquake,Ground movement,Tajikistan,TJK,Asia,Central Asia,37.451,69.498,2000,10.0,,6000.0,6000.0,
2000-0761-IDN,Natural,Earthquake,Ground movement,Indonesia,IDN,Asia,South-eastern Asia,-6.549,105.63,2000,10.0,,5500.0,5500.0,
2000-0810-TKM,Natural,Earthquake,Ground movement,Turkmenistan,TKM,Asia,Central Asia,39.566,54.799,2000,12.0,11.0,,,
2001-0750-IRN,Natural,Earthquake,Ground movement,Iran (Islamic Republic of),IRN,Asia,Southern Asia,33.007,60.276,2001,10.0,,1000.0,1000.0,
2001-0005-TZA,Natural,Earthquake,Ground movement,United Republic of Tanzania,TZA,Africa,Sub-Saharan Africa,-9.278,33.766,2001,1.0,,,700.0,
2001-0033-PAK,Natural,Earthquake,Ground movement,Pakistan,PAK,Asia,Southern Asia,23.419,70.232,2001,1.0,12.0,914192.0,914292.0,500.0
2001-0042-SLV,Natural,Earthquake,Ground movement,El Salvador,SLV,Americas,Latin America and the Caribbean,13.671,-88.938,2001,2.0,315.0,252622.0,256021.0,348500.0
2001-0378-ITA,Natural,Volcanic activity,Ash fall,Italy,ITA,Europe,Southern Europe,37.734,15.004,2001,7.0,,,,3100.0
2001-0456-ECU,Natural,Volcanic activity,Ash fall,Ecuador,ECU,Americas,Latin America and the Caribbean,-1.467,-78.442,2001,8.0,,22770.0,22770.0,10975.0
2001-0748-TUR,Natural,Earthquake,Ground movement,Türkiye,TUR,Asia,Western Asia,39.832,41.623,2001,7.0,,85.0,131.0,
2002-0033-COD,Natural,Volcanic activity,Ash fall,Democratic Republic of the Congo,COD,Africa,Sub-Saharan Africa,-1.52,29.25,2002,1.0,200.0,,110400.0,9000.0
2002-0042-RWA,Natural,Earthquake,Ground movement,Rwanda,RWA,Africa,Sub-Saharan Africa,-1.684,29.077,2002,1.0,45.0,1535.0,1643.0,
2002-0122-PAK,Natural,Earthquake,Ground movement,Pakistan,PAK,Asia,Southern Asia,36.429,70.438,2002,3.0,3.0,,,
2002-0643-IDN,Natural,Earthquake,Tsunami,Indonesia,IDN,Asia,South-eastern Asia,-1.757,134.297,2002,10.0,8.0,8450.0,9082.0,
2002-0692-PAK,Natural,Earthquake,Ground movement,Pakistan,PAK,Asia,Southern Asia,35.517,74.654,2002,11.0,17.0,11000.0,15065.0,
2002-0757-GRC,Natural,Earthquake,Ground movement,Greece,GRC,Europe,Southern Europe,37.747,21.087,2002,12.0,,150.0,167.0,
2002-0821-IRN,Natural,Earthquake,Ground movement,Iran (Islamic Republic of),IRN,Asia,Southern Asia,31.995,49.329,2002,9.0,,,5.0,
2002-0846-ECU,Natural,Volcanic activity,Ash fall,Ecuador,ECU,Americas,Latin America and the Caribbean,-1.467,-78.442,2002,10.0,,21500.0,21500.0,
2002-0882-ITA,Natural,Earthquake,Ground movement,Italy,ITA,Europe,Southern Europe,38.381,13.701,2002,9.0,2.0,,,500000.0
2003-0069-IDN,Natural,Earthquake,Ground movement,Indonesia,IDN,Asia,South-eastern Asia,-8.807,118.524,2003,1.0,,2500.0,2502.0,
2003-0039-MEX,Natural,Earthquake,Ground movement,Mexico,MEX,Americas,Latin America and the Caribbean,18.77,-104.104,2003,1.0,29.0,177530.0,178603.0,116300.0
2003-0184-ITA,Natural,Earthquake,Ground movement,Italy,ITA,Europe,Southern Europe,44.792,8.892,2003,4.0,,230.0,232.0,561352.0
2003-0197-TUR,Natural,Earthquake,Ground movement,Türkiye,TUR,Asia,Western Asia,39.007,40.464,2003,5.0,177.0,245000.0,290520.0,135000.0
2003-0249-JPN,Natural,Earthquake,Ground movement,Japan,JPN,Asia,Eastern Asia,38.849,141.568,2003,5.0,,2160.0,2303.0,233000.0
2003-0322-IRN,Natural,Earthquake,Ground movement,Iran (Islamic Republic of),IRN,Asia,Southern Asia,35.476,60.784,2003,7.0,,1090.0,1091.0,
2003-0411-PAN,Natural,Earthquake,Ground movement,Panama,PAN,Americas,Latin America and the Caribbean,9.355,-79.941,2003,8.0,,,340.0,
2003-0414-IDN,Natural,Earthquake,Ground movement,Indonesia,IDN,Asia,South-eastern Asia,1.142,128.152,2003,8.0,,500.0,500.0,
2003-0438-IRN,Natural,Earthquake,Ground movement,Iran (Islamic Republic of),IRN,Asia,Southern Asia,28.355,54.169,2003,7.0,1.0,,17525.0,21666.0
2003-0476-JPN,Natural,Earthquake,Ground movement,Japan,JPN,Asia,Eastern Asia,41.774,143.593,2003,9.0,2.0,,773.0,563000.0
2003-0596-CHN,Natural,Earthquake,Ground movement,China,CHN,Asia,Eastern Asia,27.283,103.753,2003,11.0,,10000.0,10004.0,
2003-0628-PAN,Natural,Earthquake,Ground movement,Panama,PAN,Americas,Latin America and the Caribbean,8.416,-82.824,2003,12.0,2.0,1000.0,1075.0,
2003-0630-IRN,Natural,Earthquake,Ground movement,Iran (Islamic Republic of),IRN,Asia,Southern Asia,28.995,58.311,2003,12.0,26796.0,200000.0,267628.0,500000.0
2003-0649-IRN,Natural,Earthquake,Ground movement,Iran (Islamic Republic of),IRN,Asia,Southern Asia,31.953,49.209,2003,12.0,,710.0,725.0,
2003-0783-TUR,Natural,Earthquake,Ground movement,Türkiye,TUR,Asia,Western Asia,38.221,26.958,2003,4.0,,,170.0,
2004-0040-IDN,Natural,Earthquake,Ground movement,Indonesia,IDN,Asia,South-eastern Asia,-3.615,135.538,2004,2.0,37.0,13390.0,14072.0,1000.0
2004-0011-DZA,Natural,Earthquake,Ground movement,Algeria,DZA,Africa,Northern Africa,36.852,3.418,2004,1.0,,,300.0,
2004-0073-MAR,Natural,Earthquake,Ground movement,Morocco,MAR,Africa,Northern Africa,35.142,-3.997,2004,2.0,628.0,,13465.0,400000.0
2004-0126-CHN,Natural,Earthquake,Ground movement,China,CHN,Asia,Eastern Asia,45.382,118.256,2004,3.0,,190000.0,190100.0,74000.0
2004-0406-CHN,Natural,Earthquake,Ground movement,China,CHN,Asia,Eastern Asia,27.266,103.873,2004,8.0,4.0,,120600.0,50000.0
2004-0571-CHN,Natural,Earthquake,Ground movement,China,CHN,Asia,Eastern Asia,34.682,103.781,2004,9.0,,19000.0,22019.0,
2004-0620-DZA,Natural,Earthquake,Ground movement,Algeria,DZA,Africa,Northern Africa,36.848,3.448,2004,12.0,,,15.0,
2004-0659-BGD,Natural,Earthquake,Tsunami,Bangladesh,BGD,Asia,Southern Asia,3.295,95.982,2004,12.0,2.0,,,500000.0
2004-0659-LKA,Natural,Earthquake,Tsunami,Sri Lanka,LKA,Asia,Southern Asia,3.295,95.982,2004,12.0,35399.0,516130.0,1019306.0,1316500.0
2004-0659-MDV,Natural,Earthquake,Tsunami,Maldives,MDV,Asia,Southern Asia,3.295,95.982,2004,12.0,102.0,12000.0,27214.0,470100.0
2004-0659-MYS,Natural,Earthquake,Tsunami,Malaysia,MYS,Asia,South-eastern Asia,3.295,95.982,2004,12.0,80.0,,5063.0,500000.0
2004-0659-THA,Natural,Earthquake,Tsunami,Thailand,THA,Asia,South-eastern Asia,3.295,95.982,2004,12.0,8345.0,58550.0,67007.0,1000000.0
2004-0671-BDI,Natural,Earthquake,Ground movement,Burundi,BDI,Africa,Sub-Saharan Africa,-3.393,29.558,2004,2.0,3.0,,120.0,
2005-0129-JPN,Natural,Earthquake,Ground movement,Japan,JPN,Asia,Eastern Asia,33.807,130.131,2005,3.0,1.0,2800.0,3535.0,400000.0
2005-0321-PER,Natural,Earthquake,Ground movement,Peru,PER,Americas,Latin America and the Caribbean,-19.987,-69.197,2005,6.0,,,,50.0
2005-0575-IND,Natural,Earthquake,Ground movement,India,IND,Asia,Southern Asia,34.539,73.588,2005,10.0,1309.0,,156622.0,1000000.0
2005-0671-TZA,Natural,Earthquake,Ground movement,United Republic of Tanzania,TZA,Africa,Sub-Saharan Africa,-6.224,29.83,2005,12.0,2.0,5000.0,5000.0,
2005-0651-CHN,Natural,Earthquake,Ground movement,China,CHN,Asia,Eastern Asia,29.671,115.688,2005,11.0,16.0,607500.0,615500.0,
2005-0664-VUT,Natural,Volcanic activity,Ash fall,Vanuatu,VUT,Oceania,Melanesia,-16.507,168.346,2005,11.0,,5000.0,5000.0,
2006-0007-IDN,Natural,Mass movement (wet),Landslide (wet),Indonesia,IDN,Asia,South-eastern Asia,-8.02,113.34,2006,1.0,156.0,,8313.0,27000.0
2005-0738-IRN,Natural,Earthquake,Ground movement,Iran (Islamic Republic of),IRN,Asia,Southern Asia,27.095,61.887,2005,3.0,,21912.0,21912.0,
2005-0818-ETH,Natural,Volcanic activity,Ash fall,Ethiopia,ETH,Africa,Sub-Saharan Africa,12.623,40.46,2005,9.0,,9000.0,9000.0,
2006-0040-PHL,Natural,Flood,Flash flood,Philippines,PHL,Asia,South-eastern Asia,17.02,121.82,2006,1.0,4.0,256641.0,256641.0,9600.0
2006-0043-AUS,Natural,Storm,Tropical cyclone,Australia,AUS,Oceania,Australia and New Zealand,-23.26,116.94,2006,1.0,,1500.0,1500.0,2354.0
2006-0061-CHN,Natural,Earthquake,Ground movement,China,CHN,Asia,Eastern Asia,23.282,101.693,2006,1.0,,,68761.0,6900.0
2006-0065-IRQ,Natural,Flood,Riverine flood,Iraq,IRQ,Asia,Western Asia,34.21,45.49,2006,2.0,,41890.0,41890.0,1300.0
2006-0070-NOR,Natural,Flood,Flood (General),Norway,NOR,Europe,Northern Europe,64.15,11.93,2006,1.0,1.0,200.0,200.0,
2006-0113-THA,Natural,Flood,Riverine flood,Thailand,THA,Asia,South-eastern Asia,4.33,102.54,2006,2.0,,2000.0,2000.0,
2006-0137-PHL,Natural,Flood,Flash flood,Philippines,PHL,Asia,South-eastern Asia,7.17,125.57,2006,3.0,1.0,1000.0,1000.0,
2006-0148-BGR,Natural,Earthquake,Ground movement,Bulgaria,BGR,Europe,Eastern Europe,41.708,25.544,2006,2.0,,525.0,527.0,
2006-0179-AUS,Natural,Flood,Riverine flood,Australia,AUS,Oceania,Australia and New Zealand,-14.18,132.39,2006,4.0,,1100.0,1100.0,
2006-0180-USA,Natural,Flood,Riverine flood,United States of America,USA,Americas,Northern America,37.69,-99.99,2006,4.0,1.0,600.0,600.0,259000.0
2006-0181-ZAF,Natural,Flood,Riverine flood,South Africa,ZAF,Africa,Sub-Saharan Africa,-27.44,24.83,2006,3.0,6.0,4160.0,4160.0,71000.0
2006-0182-USA,Natural,Flood,Riverine flood,United States of America,USA,Americas,Northern America,22.15,-99.99,2006,3.0,7.0,,,12000.0
2006-0192-IDN,Natural,Flood,Riverine flood,Indonesia,IDN,Asia,South-eastern Asia,-7.84,111.86,2006,4.0,22.0,400.0,402.0,
2006-0245-IRN,Natural,Flood,Riverine flood,Iran (Islamic Republic of),IRN,Asia,Southern Asia,38.69,47.88,2006,5.0,14.0,2800.0,2800.0,16000.0
2006-0204-ETH,Natural,Flood,Riverine flood,Ethiopia,ETH,Africa,Sub-Saharan Africa,10.99,41.63,2006,4.0,,10000.0,10000.0,
2006-0205-PNG,Natural,Flood,Riverine flood,Papua New Guinea,PNG,Oceania,Melanesia,-4.26,143.22,2006,4.0,,400.0,400.0,
2006-0206-CAN,Natural,Flood,Riverine flood,Canada,CAN,Americas,Northern America,53.54,-99.99,2006,4.0,,1000.0,1000.0,
2006-0208-GEO,Natural,Flood,Riverine flood,Georgia,GEO,Asia,Western Asia,42.27,42.83,2006,4.0,,600.0,600.0,
2006-0213-PER,Natural,Volcanic activity,Ash fall,Peru,PER,Americas,Latin America and the Caribbean,-16.355,-70.9,2006,3.0,,3000.0,3000.0,
2006-0224-CAN,Natural,Flood,Riverine flood,Canada,CAN,Americas,Northern America,52.53,-82.09,2006,4.0,,2000.0,2000.0,
2006-0247-SUR,Natural,Flood,Riverine flood,Suriname,SUR,Americas,Latin America and the Caribbean,3.42,-56.48,2006,5.0,3.0,25000.0,25000.0,
2006-0260-USA,Natural,Flood,Riverine flood,United States of America,USA,Americas,Northern America,43.16,-70.79,2006,5.0,2.0,2500.0,2500.0,85000.0
2006-0263-IND,Natural,Flood,Riverine flood,India,IND,Asia,Southern Asia,10.54,76.05,2006,5.0,32.0,10800.0,10800.0,
2006-0265-IND,Natural,Flood,Riverine flood,India,IND,Asia,Southern Asia,18.73,75.23,2006,5.0,41.0,,,
2006-0266-CHN,Natural,Flood,Riverine flood,China,CHN,Asia,Eastern Asia,30.92,112.9,2006,5.0,3.0,,350035.0,
2006-0281-VUT,Natural,Volcanic activity,Ash fall,Vanuatu,VUT,Oceania,Melanesia,-16.507,168.346,2006,5.0,,,,
2006-0302-SVK,Natural,Flood,Riverine flood,Slovakia,SVK,Europe,Eastern Europe,49.5,20.93,2006,6.0,,100.0,100.0,
2006-0306-RUS,Natural,Flood,Riverine flood,Russian Federation,RUS,Europe,Eastern Europe,58.33,114.58,2006,6.0,,1300.0,1300.0,125000.0
2006-0334-TUR,Natural,Flood,Riverine flood,Türkiye,TUR,Asia,Western Asia,39.74,41.1,2006,7.0,12.0,,,
2006-0343-IDN,Natural,Flood,Riverine flood,Indonesia,IDN,Asia,South-eastern Asia,0.55,123.01,2006,6.0,,5000.0,5000.0,
2006-0367-CHN,Natural,Flood,Riverine flood,China,CHN,Asia,Eastern Asia,22.35,109.4,2006,7.0,10.0,1400000.0,1400000.0,31000.0
2006-0344-USA,Natural,Flood,Riverine flood,United States of America,USA,Americas,Northern America,41.41,-86.91,2006,6.0,2.0,2400.0,2400.0,7000.0
2006-0345-PAK,Natural,Mass movement (wet),Landslide (wet),Pakistan,PAK,Asia,Southern Asia,35.35,72.62,2006,7.0,29.0,,5.0,
2006-0361-KOR,Natural,Flood,Flash flood,Republic of Korea,KOR,Asia,Eastern Asia,37.56,127.17,2006,7.0,46.0,4630.0,4630.0,
2006-0362-VNM,Natural,Storm,Tropical cyclone,Viet Nam,VNM,Asia,South-eastern Asia,24.0,112.11,2006,7.0,17.0,,2000.0,
2006-0363-CHL,Natural,Flood,Riverine flood,Chile,CHL,Americas,Latin America and the Caribbean,-72.64,-37.26,2006,7.0,18.0,95862.0,95862.0,
2006-0405-AFG,Natural,Earthquake,Ground movement,Afghanistan,AFG,Asia,Southern Asia,37.255,68.828,2006,7.0,1.0,740.0,935.0,
2006-0544-MMR,Natural,Flood,Riverine flood,Myanmar,MMR,Asia,South-eastern Asia,19.91,95.45,2006,9.0,25.0,10000.0,10000.0,
2006-0389-PAK,Natural,Flood,Riverine flood,Pakistan,PAK,Asia,Southern Asia,34.61,73.2,2006,7.0,40.0,2000.0,2000.0,
2006-0391-MRT,Natural,Flood,Riverine flood,Mauritania,MRT,Africa,Sub-Saharan Africa,17.75,-15.0,2006,7.0,7.0,,1619.0,
2006-0418-USA,Natural,Flood,Riverine flood,United States of America,USA,Americas,Northern America,41.52,-81.09,2006,7.0,1.0,600.0,600.0,
2006-0442-ETH,Natural,Flood,Riverine flood,Ethiopia,ETH,Africa,Sub-Saharan Africa,13.21,34.76,2006,8.0,2.0,38000.0,38000.0,
2006-0442-SDN,Natural,Flood,Riverine flood,Sudan,SDN,Africa,Northern Africa,13.21,34.76,2006,8.0,27.0,,6000.0,
2006-0445-BFA,Natural,Flood,Flash flood,Burkina Faso,BFA,Africa,Sub-Saharan Africa,14.42,-1.02,2006,8.0,,15610.0,15610.0,
2006-0451-KHM,Natural,Flood,Riverine flood,Cambodia,KHM,Asia,South-eastern Asia,11.06,104.68,2006,8.0,5.0,33000.0,33000.0,
2006-0451-VNM,Natural,Flood,Riverine flood,Viet Nam,VNM,Asia,South-eastern Asia,11.06,104.68,2006,8.0,60.0,,,
2006-0461-USA,Natural,Flood,Riverine flood,United States of America,USA,Americas,Northern America,62.45,-99.99,2006,8.0,,150.0,150.0,15500.0
2006-0596-AFG,Natural,Flood,Flash flood,Afghanistan,AFG,Asia,Southern Asia,35.62,63.54,2006,11.0,166.0,17575.0,17580.0,
2006-0473-NPL,Natural,Mass movement (wet),Landslide (wet),Nepal,NPL,Asia,Southern Asia,28.69,81.31,2006,8.0,147.0,,80000.0,
2006-0475-CHN,Natural,Earthquake,Ground movement,China,CHN,Asia,Eastern Asia,28.012,104.151,2006,8.0,1.0,45520.0,45551.0,
2006-0566-USA,Natural,Flood,Riverine flood,United States of America,USA,Americas,Northern America,60.88,-145.99,2006,10.0,,100.0,100.0,
2006-0567-CHN,Natural,Flood,Riverine flood,China,CHN,Asia,Eastern Asia,23.34,102.64,2006,10.0,27.0,20000.0,20004.0,
2006-0624-SOM,Natural,Flood,Riverine flood,Somalia,SOM,Africa,Sub-Saharan Africa,0.78,39.72,2006,10.0,35.0,155500.0,155500.0,
2006-0578-ETH,Natural,Flood,Riverine flood,Ethiopia,ETH,Africa,Sub-Saharan Africa,4.62,44.6,2006,10.0,80.0,361600.0,361600.0,
2006-0601-IND,Natural,Flood,Riverine flood,India,IND,Asia,Southern Asia,14.13,79.93,2006,10.0,47.0,225000.0,225000.0,
2006-0619-TUR,Natural,Flood,Flash flood,Türkiye,TUR,Asia,Western Asia,37.64,39.65,2006,10.0,47.0,63000.0,63015.0,317000.0
2006-0624-UGA,Natural,Flood,Riverine flood,Uganda,UGA,Africa,Sub-Saharan Africa,0.78,39.72,2006,10.0,,4000.0,4000.0,
2007-0134-DOM,Natural,Flood,Riverine flood,Dominican Republic,DOM,Americas,Latin America and the Caribbean,19.41,-71.78,2007,3.0,3.0,3830.0,3830.0,
2006-0680-MYS,Natural,Flood,Flash flood,Malaysia,MYS,Asia,South-eastern Asia,1.87,103.22,2006,12.0,6.0,100000.0,100000.0,22000.0
2006-0699-SLV,Natural,Earthquake,Ground movement,El Salvador,SLV,Americas,Latin America and the Caribbean,14.028,-89.785,2006,12.0,,16470.0,16470.0,
2006-0701-BDI,Natural,Flood,Riverine flood,Burundi,BDI,Africa,Sub-Saharan Africa,-3.14,30.4,2006,12.0,,,4105.0,
2006-0711-TCD,Natural,Flood,Riverine flood,Chad,TCD,Africa,Sub-Saharan Africa,10.33,15.33,2006,9.0,52.0,,,
2007-0010-AGO,Natural,Flood,Riverine flood,Angola,AGO,Africa,Sub-Saharan Africa,-12.95,24.37,2007,1.0,,,6000.0,
2007-0012-LKA,Natural,Flood,Riverine flood,Sri Lanka,LKA,Asia,Southern Asia,6.71,80.95,2007,1.0,18.0,35000.0,35000.0,
2007-0101-JPN,Natural,Earthquake,Ground movement,Japan,JPN,Asia,Eastern Asia,37.336,136.588,2007,3.0,1.0,,41027.0,250000.0
2007-0039-PER,Natural,Flood,Riverine flood,Peru,PER,Americas,Latin America and the Caribbean,-11.47,-74.46,2007,1.0,17.0,47703.0,47714.0,
2007-0050-IDN,Natural,Flood,Riverine flood,Indonesia,IDN,Asia,South-eastern Asia,-6.22,106.83,2007,1.0,68.0,217086.0,217087.0,971000.0
2007-0095-MDG,Natural,Storm,Tropical cyclone,Madagascar,MDG,Africa,Sub-Saharan Africa,-14.84,49.94,2007,3.0,80.0,203182.0,215198.0,240000.0
2007-0108-FJI,Natural,Flood,Riverine flood,Fiji,FJI,Oceania,Melanesia,-17.77,177.48,2007,2.0,1.0,900.0,900.0,30000.0
2007-0141-DZA,Natural,Flood,Flash flood,Algeria,DZA,Africa,Northern Africa,35.64,4.2,2007,4.0,22.0,,,13561.0
2007-0158-CHL,Natural,Earthquake,Tsunami,Chile,CHL,Americas,Latin America and the Caribbean,-45.243,-72.648,2007,4.0,10.0,,,
2007-0162-COL,Natural,Flood,Riverine flood,Colombia,COL,Americas,Latin America and the Caribbean,8.38,-75.59,2007,3.0,146.0,1504144.0,1504317.0,
2007-0172-CHN,Natural,Flood,Flash flood,China,CHN,Asia,Eastern Asia,30.28,107.78,2007,5.0,43.0,2300000.0,2300050.0,78000.0
2007-0187-LKA,Natural,Flood,Flash flood,Sri Lanka,LKA,Asia,Southern Asia,6.49,80.08,2007,5.0,15.0,121000.0,121000.0,50.0
2007-0196-TJK,Natural,Flood,Riverine flood,Tajikistan,TJK,Asia,Central Asia,39.35,69.46,2007,4.0,1.0,17184.0,17184.0,
2007-0363-ETH,Natural,Volcanic activity,Ash fall,Ethiopia,ETH,Africa,Sub-Saharan Africa,12.17,40.82,2007,8.0,5.0,2000.0,2000.0,
2007-0225-IND,Natural,Flood,Riverine flood,India,IND,Asia,Southern Asia,26.26,94.02,2007,6.0,15.0,200000.0,200000.0,
2007-0239-IND,Natural,Flood,Riverine flood,India,IND,Asia,Southern Asia,21.03,77.52,2007,7.0,62.0,10000.0,10000.0,
2007-0245-PAK,Natural,Storm,Tropical cyclone,Pakistan,PAK,Asia,Southern Asia,25.26,67.9,2007,6.0,242.0,1650000.0,1650000.0,1620000.0
2007-0247-GBR,Natural,Flood,Riverine flood,United Kingdom of Great Britain and Northern Ireland,GBR,Europe,Northern Europe,53.88,-0.91,2007,6.0,6.0,,30000.0,4000000.0
2007-0248-AFG,Natural,Flood,Riverine flood,Afghanistan,AFG,Asia,Southern Asia,35.28,71.14,2007,6.0,113.0,4000.0,4000.0,
2007-0278-GBR,Natural,Flood,Riverine flood,United Kingdom of Great Britain and Northern Ireland,GBR,Europe,Northern Europe,52.07,-2.1,2007,7.0,7.0,340000.0,340000.0,4000000.0
2007-0312-IDN,Natural,Flood,Riverine flood,Indonesia,IDN,Asia,South-eastern Asia,-1.74,121.49,2007,7.0,88.0,3377.0,3389.0,
2007-0313-CHN,Natural,Flood,Riverine flood,China,CHN,Asia,Eastern Asia,24.1,100.16,2007,7.0,170.0,386000.0,386000.0,40000.0
2007-0352-PRK,Natural,Flood,Riverine flood,Democratic People's Republic of Korea,PRK,Asia,Eastern Asia,38.53,126.61,2007,8.0,610.0,1000000.0,1170518.0,300000.0
2007-0362-PER,Natural,Earthquake,Ground movement,Peru,PER,Americas,Latin America and the Caribbean,-13.386,-76.603,2007,8.0,593.0,656965.0,658331.0,600000.0
2007-0408-UGA,Natural,Flood,Riverine flood,Uganda,UGA,Africa,Sub-Saharan Africa,0.88,34.28,2007,8.0,29.0,435070.0,718045.0,71.0
2007-0435-MEX,Natural,Flood,Coastal flood,Mexico,MEX,Americas,Latin America and the Caribbean,14.62,-83.64,2007,9.0,,55000.0,55000.0,
2007-0440-IDN,Natural,Earthquake,Ground movement,Indonesia,IDN,Asia,South-eastern Asia,-4.438,101.367,2007,9.0,25.0,422685.0,459567.0,500000.0
2007-0449-DZA,Natural,Flood,Flash flood,Algeria,DZA,Africa,Northern Africa,34.95,5.79,2007,9.0,18.0,,,29500.0
2007-0457-JPN,Natural,Storm,Tropical cyclone,Japan,JPN,Asia,Eastern Asia,38.57,125.83,2007,9.0,4.0,,,
2007-0457-PRK,Natural,Storm,Tropical cyclone,Democratic People's Republic of Korea,PRK,Asia,Eastern Asia,38.57,125.83,2007,9.0,,,1649.0,
2007-0458-SVN,Natural,Storm,Storm (General),Slovenia,SVN,Europe,Southern Europe,46.26,14.03,2007,9.0,6.0,,1050.0,292000.0
2008-0067-IDN,Natural,Flood,Flash flood,Indonesia,IDN,Asia,South-eastern Asia,-7.74,114.0,2008,2.0,14.0,7000.0,7000.0,
2007-0466-CRI,Natural,Flood,Riverine flood,Costa Rica,CRI,Americas,Latin America and the Caribbean,10.27,-84.95,2007,9.0,,12500.0,12500.0,
2007-0467-IND,Natural,Flood,Coastal flood,India,IND,Asia,Southern Asia,20.91,86.4,2007,9.0,80.0,7200000.0,7200000.0,275000.0
2007-0468-GTM,Natural,Flood,Riverine flood,Guatemala,GTM,Americas,Latin America and the Caribbean,14.6,-90.49,2007,9.0,11.0,656.0,656.0,
2007-0503-GTM,Natural,Flood,Riverine flood,Guatemala,GTM,Americas,Latin America and the Caribbean,10.98,-85.44,2007,10.0,,1440.0,1440.0,
2007-0503-SLV,Natural,Flood,Riverine flood,El Salvador,SLV,Americas,Latin America and the Caribbean,10.98,-85.44,2007,10.0,2.0,500.0,500.0,
2007-0512-VNM,Natural,Flood,Riverine flood,Viet Nam,VNM,Asia,South-eastern Asia,15.87,107.78,2007,10.0,15.0,22000.0,22000.0,10000.0
2007-0522-VNM,Natural,Flood,Riverine flood,Viet Nam,VNM,Asia,South-eastern Asia,16.32,107.36,2007,10.0,83.0,94000.0,94042.0,300000.0
2007-0523-BHS,Natural,Storm,Tropical cyclone,Bahamas,BHS,Americas,Latin America and the Caribbean,18.53,-70.06,2007,10.0,1.0,7000.0,7000.0,
2007-0551-ESP,Natural,Flood,Flash flood,Spain,ESP,Europe,Southern Europe,38.64,-0.27,2007,10.0,3.0,3600.0,3600.0,
2007-0523-CUB,Natural,Storm,Tropical cyclone,Cuba,CUB,Americas,Latin America and the Caribbean,18.53,-70.06,2007,10.0,1.0,192488.0,192488.0,500000.0
2007-0669-PHL,Natural,Volcanic activity,Ash fall,Philippines,PHL,Asia,South-eastern Asia,12.77,124.05,2007,7.0,,14036.0,14036.0,
2007-0523-DOM,Natural,Storm,Tropical cyclone,Dominican Republic,DOM,Americas,Latin America and the Caribbean,18.53,-70.06,2007,10.0,129.0,79728.0,79728.0,77700.0
2007-0528-BRA,Natural,Flood,Riverine flood,Brazil,BRA,Americas,Latin America and the Caribbean,-22.72,-43.42,2007,10.0,6.0,2272.0,2272.0,
2007-0530-THA,Natural,Flood,Riverine flood,Thailand,THA,Asia,South-eastern Asia,9.72,99.0,2007,10.0,2.0,100000.0,100000.0,1500.0
2007-0552-TWN,Natural,Storm,Tropical cyclone,Taiwan (Province of China),TWN,Asia,Eastern Asia,23.76,121.02,2007,10.0,18.0,1000.0,1067.0,35000.0
2007-0560-PHL,Natural,Storm,Tropical cyclone,Philippines,PHL,Asia,South-eastern Asia,17.57,121.76,2007,11.0,8.0,33884.0,33884.0,2971.0
2007-0595-NGA,Natural,Flood,Flood (General),Nigeria,NGA,Africa,Sub-Saharan Africa,6.96,3.3,2007,8.0,6.0,5000.0,5000.0,
2007-0596-IND,Natural,Flood,Riverine flood,India,IND,Asia,Southern Asia,20.45,86.2,2007,8.0,15.0,500000.0,500000.0,
2007-0609-LKA,Natural,Flood,Riverine flood,Sri Lanka,LKA,Asia,Southern Asia,7.72,81.4,2007,12.0,,250000.0,250000.0,
2007-0611-MYS,Natural,Flood,Riverine flood,Malaysia,MYS,Asia,South-eastern Asia,3.89,102.93,2007,12.0,29.0,,29000.0,363000.0
2007-0612-HTI,Natural,Storm,Tropical cyclone,Haiti,HTI,Americas,Latin America and the Caribbean,18.93,-71.03,2007,12.0,3.0,2090.0,2352.0,
2007-0613-KEN,Natural,Flood,Riverine flood,Kenya,KEN,Africa,Sub-Saharan Africa,-3.61,38.69,2007,12.0,4.0,2000.0,2000.0,
2007-0616-MOZ,Natural,Flood,Riverine flood,Mozambique,MOZ,Africa,Sub-Saharan Africa,-20.78,31.24,2007,12.0,,,,
2008-0010-USA,Natural,Flood,Riverine flood,United States of America,USA,Americas,Northern America,39.63,-119.2,2008,1.0,2.0,1500.0,1500.0,
2008-0013-IDN,Natural,Flood,Riverine flood,Indonesia,IDN,Asia,South-eastern Asia,-6.23,106.83,2008,1.0,,1000.0,1000.0,
2008-0016-BRA,Natural,Flood,Riverine flood,Brazil,BRA,Americas,Latin America and the Caribbean,-24.5,-47.88,2008,1.0,4.0,48071.0,49506.0,
2008-0053-ARG,Natural,Flood,Riverine flood,Argentina,ARG,Americas,Latin America and the Caribbean,-22.92,-61.66,2008,1.0,,85000.0,85000.0,
2008-0098-AUS,Natural,Flood,Riverine flood,Australia,AUS,Oceania,Australia and New Zealand,-22.46,149.54,2008,2.0,2.0,1000.0,1000.0,1100000.0
2008-0099-USA,Natural,Earthquake,Ground movement,United States of America,USA,Americas,Northern America,41.1444,-114.8721,2008,2.0,,2100.0,2103.0,
2008-0127-TZA,Natural,Flood,Riverine flood,United Republic of Tanzania,TZA,Africa,Sub-Saharan Africa,-3.38,38.17,2008,3.0,1.0,,1500.0,
2008-0128-IDN,Natural,Flood,Riverine flood,Indonesia,IDN,Asia,South-eastern Asia,0.54,101.78,2008,3.0,,60000.0,60000.0,
2008-0131-USA,Natural,Flood,Riverine flood,United States of America,USA,Americas,Northern America,36.23,-89.15,2008,3.0,18.0,1000.0,1000.0,2000.0
2008-0132-LKA,Natural,Flood,Riverine flood,Sri Lanka,LKA,Asia,Southern Asia,7.83,80.82,2008,3.0,8.0,54323.0,54323.0,
2008-0170-CAN,Natural,Flood,Riverine flood,Canada,CAN,Americas,Northern America,44.46,-77.47,2008,4.0,,400.0,400.0,
2008-0176-IDN,Natural,Flood,Flash flood,Indonesia,IDN,Asia,South-eastern Asia,4.65,95.77,2008,4.0,,34514.0,34514.0,
2008-0182-CHL,Natural,Volcanic activity,Ash fall,Chile,CHL,Americas,Latin America and the Caribbean,-42.833,-72.65,2008,5.0,,8000.0,8000.0,
2008-0192-CHN,Natural,Earthquake,Ground movement,China,CHN,Asia,Eastern Asia,31.002,103.322,2008,5.0,87476.0,45610000.0,45976596.0,85000000.0
2008-0224-LKA,Natural,Flood,Flash flood,Sri Lanka,LKA,Asia,Southern Asia,7.18,80.77,2008,5.0,25.0,362582.0,362582.0,
2008-0257-SUR,Natural,Flood,Riverine flood,Suriname,SUR,Americas,Latin America and the Caribbean,8.25,-64.88,2008,6.0,2.0,6548.0,6548.0,
2008-0260-KEN,Natural,Flood,Riverine flood,Kenya,KEN,Africa,Sub-Saharan Africa,-1.57,40.12,2008,6.0,16.0,8658.0,8658.0,
2008-0275-JPN,Natural,Earthquake,Ground movement,Japan,JPN,Asia,Eastern Asia,39.802,141.464,2008,7.0,1.0,270.0,470.0,110000.0
2008-0325-CHN,Natural,Earthquake,Ground movement,China,CHN,Asia,Eastern Asia,32.756,105.494,2008,8.0,4.0,,13529.0,
2008-0329-CHN,Natural,Storm,Tropical cyclone,China,CHN,Asia,Eastern Asia,22.33,113.15,2008,8.0,,42000.0,42000.0,80000.0
2008-0329-THA,Natural,Storm,Tropical cyclone,Thailand,THA,Asia,South-eastern Asia,17.31,103.66,2008,8.0,,,,
2008-0384-USA,Natural,Storm,Tropical cyclone,United States of America,USA,Americas,Northern America,35.05,-90.45,2008,9.0,82.0,200000.0,200000.0,30000000.0
2008-0426-VNM,Natural,Storm,Tropical cyclone,Viet Nam,VNM,Asia,South-eastern Asia,21.9,104.59,2008,9.0,46.0,51755.0,58511.0,63000.0
2008-0482-KEN,Natural,Flood,Flash flood,Kenya,KEN,Africa,Sub-Saharan Africa,4.0,41.9,2008,10.0,3.0,6000.0,6000.0,
2008-0506-SOM,Natural,Flood,Flash flood,Somalia,SOM,Africa,Sub-Saharan Africa,1.25,43.5,2008,11.0,,52000.0,52000.0,
2008-0532-CUB,Natural,Flood,Riverine flood,Cuba,CUB,Americas,Latin America and the Caribbean,20.61,-76.17,2008,11.0,,20000.0,20000.0,
2008-0545-PHL,Natural,Flood,Flash flood,Philippines,PHL,Asia,South-eastern Asia,17.95,147.03,2008,11.0,10.0,239763.0,239763.0,4088.0
2008-0546-COL,Natural,Volcanic activity,Ash fall,Colombia,COL,Americas,Latin America and the Caribbean,2.93,-76.03,2008,11.0,16.0,8000.0,8007.0,
2008-0581-AUS,Natural,Flood,Riverine flood,Australia,AUS,Oceania,Australia and New Zealand,-21.56,147.03,2008,11.0,4.0,1200.0,1200.0,275000.0
2008-0635-IDN,Natural,Flood,Riverine flood,Indonesia,IDN,Asia,South-eastern Asia,-3.33,103.14,2008,12.0,24.0,15000.0,15000.0,
2008-0638-USA,Natural,Flood,Riverine flood,United States of America,USA,Americas,Northern America,42.84,-123.77,2008,12.0,,30000.0,30000.0,
2008-0649-COL,Natural,Earthquake,Ground movement,Colombia,COL,Americas,Latin America and the Caribbean,4.33,-73.764,2008,5.0,11.0,,1754.0,10000.0
2008-0650-CHN,Natural,Earthquake,Ground movement,China,CHN,Asia,Eastern Asia,32.56,105.423,2008,5.0,8.0,,351000.0,
2009-0014-FRA,Natural,Storm,Extra-tropical storm,France,FRA,Europe,Western Europe,42.24,-2.6,2009,1.0,11.0,,,3200000.0
2009-0016-DOM,Natural,Flood,Riverine flood,Dominican Republic,DOM,Americas,Latin America and the Caribbean,19.32,-70.14,2009,1.0,2.0,4565.0,4565.0,44000.0
2009-0017-BRA,Natural,Flood,Riverine flood,Brazil,BRA,Americas,Latin America and the Caribbean,-16.59,-44.89,2009,1.0,16.0,1048.0,1048.0,
2009-0035-COL,Natural,Flood,Riverine flood,Colombia,COL,Americas,Latin America and the Caribbean,4.36,-76.51,2009,2.0,23.0,31250.0,31250.0,
2009-0037-AGO,Natural,Flood,Riverine flood,Angola,AGO,Africa,Sub-Saharan Africa,-9.84,14.15,2009,2.0,2.0,,415.0,
2009-0039-SLB,Natural,Flood,Riverine flood,Solomon Islands,SLB,Oceania,Melanesia,-8.14,-158.66,2009,1.0,21.0,7000.0,7000.0,
2009-0136-ITA,Natural,Earthquake,Ground movement,Italy,ITA,Europe,Southern Europe,42.334,13.334,2009,4.0,300.0,,72000.0,2500000.0
2009-0042-DOM,Natural,Flood,Riverine flood,Dominican Republic,DOM,Americas,Latin America and the Caribbean,19.28,-70.08,2009,2.0,5.0,10000.0,10000.0,8403.0
2009-0048-AUS,Natural,Storm,Tropical cyclone,Australia,AUS,Oceania,Australia and New Zealand,-20.11,120.56,2009,1.0,,400.0,400.0,
2009-0106-USA,Natural,Flood,Riverine flood,United States of America,USA,Americas,Northern America,48.25,-97.03,2009,3.0,2.0,5000.0,5060.0,166000.0
2009-0108-ZAF,Natural,Flood,Riverine flood,South Africa,ZAF,Africa,Sub-Saharan Africa,-29.41,30.82,2009,2.0,3.0,300.0,300.0,
2009-0156-AFG,Natural,Earthquake,Ground movement,Afghanistan,AFG,Asia,Southern Asia,34.185,70.076,2009,4.0,22.0,,3309.0,
2009-0168-AFG,Natural,Flood,Riverine flood,Afghanistan,AFG,Asia,Southern Asia,33.07,63.59,2009,3.0,39.0,60000.0,60016.0,20000.0
2009-0230-AUS,Natural,Storm,Severe weather,Australia,AUS,Oceania,Australia and New Zealand,-29.05,152.73,2009,5.0,1.0,15000.0,15000.0,60000.0
2009-0249-CHN,Natural,Earthquake,Ground movement,China,CHN,Asia,Eastern Asia,25.632,101.095,2009,7.0,1.0,15000.0,65336.0,315000.0
2009-0262-TUR,Natural,Flood,Riverine flood,Türkiye,TUR,Asia,Western Asia,41.0,40.04,2009,7.0,7.0,100.0,111.0,
2009-0268-BIH,Natural,Flood,Riverine flood,Bosnia and Herzegovina,BIH,Europe,Southern Europe,44.87,17.48,2009,7.0,,1100.0,1100.0,
2009-0279-AUT,Natural,Flood,Riverine flood,Austria,AUT,Europe,Western Europe,47.4,15.71,2009,7.0,,,,
2009-0294-BGD,Natural,Flood,Riverine flood,Bangladesh,BGD,Asia,Southern Asia,25.26,89.09,2009,7.0,6.0,500000.0,500000.0,
2009-0335-PAK,Natural,Flood,Flash flood,Pakistan,PAK,Asia,Southern Asia,33.92,72.25,2009,8.0,36.0,75000.0,75000.0,
2009-0406-BTN,Natural,Earthquake,Ground movement,Bhutan,BTN,Asia,Southern Asia,-15.489,-172.095,2009,9.0,11.0,,12.0,
2009-0450-PRY,Natural,Flood,Riverine flood,Paraguay,PRY,Americas,Latin America and the Caribbean,-25.1,-56.27,2009,9.0,,12035.0,12035.0,820.0
2009-0501-LKA,Natural,Flood,Flash flood,Sri Lanka,LKA,Asia,Southern Asia,7.07,79.94,2009,11.0,,,60000.0,
2009-0510-ESP,Natural,Storm,Severe weather,Spain,ESP,Europe,Southern Europe,42.53,-7.51,2009,11.0,,1793.0,1793.0,
2009-0511-MYS,Natural,Flood,Riverine flood,Malaysia,MYS,Asia,South-eastern Asia,5.74,100.96,2009,11.0,,1793.0,1793.0,
2009-0513-THA,Natural,Flood,Riverine flood,Thailand,THA,Asia,South-eastern Asia,18.48,-91.05,2009,11.0,15.0,200000.0,200000.0,
2010-0158-MEX,Natural,Earthquake,Ground movement,Mexico,MEX,Americas,Latin America and the Caribbean,32.2861667,-115.2953333,2010,4.0,2.0,25000.0,25232.0,1150000.0
2009-0531-URY,Natural,Flood,Riverine flood,Uruguay,URY,Americas,Latin America and the Caribbean,-31.26,-56.48,2009,11.0,1.0,4000.0,4000.0,
2009-0589-AUS,Natural,Flood,Riverine flood,Australia,AUS,Oceania,Australia and New Zealand,-31.17,151.75,2009,12.0,,200.0,200.0,
2009-0591-TZA,Natural,Flood,Riverine flood,United Republic of Tanzania,TZA,Africa,Sub-Saharan Africa,-6.8,36.02,2009,12.0,18.0,50000.0,50000.0,
2009-0600-BRA,Natural,Mass movement (wet),Mudslide,Brazil,BRA,Americas,Latin America and the Caribbean,-22.98,-44.07,2009,12.0,74.0,1000.0,1000.0,145000.0
2009-0608-NPL,Natural,Flood,Riverine flood,Nepal,NPL,Asia,Southern Asia,28.0,85.71,2009,7.0,30.0,,,
2009-0611-VNM,Natural,Flood,Riverine flood,Viet Nam,VNM,Asia,South-eastern Asia,15.19,108.02,2009,9.0,17.0,40000.0,40000.0,
2010-0162-USA,Natural,Flood,Riverine flood,United States of America,USA,Americas,Northern America,39.48,-74.87,2010,3.0,,,,
2009-0660-PER,Natural,Flood,Riverine flood,Peru,PER,Americas,Latin America and the Caribbean,-12.99,-72.94,2009,12.0,158.0,235886.0,236308.0,
2010-0003-SLB,Natural,Earthquake,Ground movement,Solomon Islands,SLB,Oceania,Melanesia,-8.783,157.354,2010,1.0,,1125.0,1126.0,
2010-0018-IRN,Natural,Earthquake,Ground movement,Iran (Islamic Republic of),IRN,Asia,Southern Asia,32.45,48.3,2010,1.0,,750.0,750.0,
2010-0023-BOL,Natural,Flood,Riverine flood,Bolivia (Plurinational State of),BOL,Americas,Latin America and the Caribbean,-17.83,-63.6,2010,1.0,26.0,227860.0,227860.0,
2010-0028-PAN,Natural,Flood,Riverine flood,Panama,PAN,Americas,Latin America and the Caribbean,9.11,-82.64,2010,1.0,,1000.0,1000.0,
2010-0094-KEN,Natural,Flood,Riverine flood,Kenya,KEN,Africa,Sub-Saharan Africa,0.01,34.5,2010,3.0,94.0,141164.0,141164.0,
2010-0097-MOZ,Natural,Flood,Riverine flood,Mozambique,MOZ,Africa,Sub-Saharan Africa,-19.96,34.25,2010,2.0,5.0,17000.0,17000.0,
2010-0103-AUS,Natural,Flood,Riverine flood,Australia,AUS,Oceania,Australia and New Zealand,-26.21,147.95,2010,2.0,,,,109000.0
2010-0128-NAM,Natural,Flood,Riverine flood,Namibia,NAM,Africa,Sub-Saharan Africa,-18.69,23.23,2010,3.0,8.0,110000.0,110000.0,
2010-0169-CHN,Natural,Earthquake,Ground movement,China,CHN,Asia,Eastern Asia,33.165,96.548,2010,4.0,2968.0,,112000.0,500000.0
2010-0225-USA,Natural,Flood,Riverine flood,United States of America,USA,Americas,Northern America,34.58,-95.1,2010,6.0,20.0,,,
2010-0373-IND,Natural,Flood,Flash flood,India,IND,Asia,Southern Asia,33.53,76.12,2010,8.0,196.0,12500.0,12725.0,
2010-0332-VNM,Natural,Storm,Tropical cyclone,Viet Nam,VNM,Asia,South-eastern Asia,22.11,105.95,2010,7.0,10.0,12400.0,12400.0,
2010-0333-NPL,Natural,Flood,Riverine flood,Nepal,NPL,Asia,Southern Asia,28.35,84.78,2010,7.0,12.0,,,
2010-0379-NER,Natural,Flood,Riverine flood,Niger,NER,Africa,Sub-Saharan Africa,13.6,14.0,2010,8.0,3.0,226611.0,226611.0,
2010-0446-IDN,Natural,Volcanic activity,Ash fall,Indonesia,IDN,Asia,South-eastern Asia,3.17,98.392,2010,8.0,1.0,15059.0,15060.0,
2010-0415-PRK,Natural,Flood,Riverine flood,Democratic People's Republic of Korea,PRK,Asia,Eastern Asia,40.365,124.97,2010,8.0,,38785.0,38785.0,
2010-0591-IRN,Natural,Earthquake,Ground movement,Iran (Islamic Republic of),IRN,Asia,Southern Asia,33.37,48.94,2010,11.0,,,104.0,
2011-0022-SAU,Natural,Flood,Riverine flood,Saudi Arabia,SAU,Asia,Western Asia,21.3521,39.94,2011,1.0,11.0,,,300000.0
2010-0573-VNM,Natural,Flood,Riverine flood,Viet Nam,VNM,Asia,South-eastern Asia,12.52,108.9,2010,10.0,31.0,39000.0,39008.0,107700.0
2010-0574-SRB,Natural,Earthquake,Ground movement,Serbia,SRB,Europe,Southern Europe,43.76,20.73,2010,11.0,2.0,25440.0,27030.0,132260.0
2010-0575-CRI,Natural,Flood,Riverine flood,Costa Rica,CRI,Americas,Latin America and the Caribbean,9.074,-83.31,2010,11.0,24.0,3000.0,3000.0,
2010-0582-ITA,Natural,Flood,Riverine flood,Italy,ITA,Europe,Southern Europe,45.13,11.14,2010,11.0,,300.0,300.0,
2010-0601-BEL,Natural,Flood,Riverine flood,Belgium,BEL,Europe,Western Europe,50.85,4.35,2010,11.0,3.0,690.0,690.0,238146.0
2010-0610-GBR,Natural,Flood,Flash flood,United Kingdom of Great Britain and Northern Ireland,GBR,Europe,Northern Europe,50.78,-3.57,2010,11.0,,400.0,400.0,
2010-0619-GRC,Natural,Flood,Riverine flood,Greece,GRC,Europe,Southern Europe,40.106,21.46,2010,12.0,1.0,150.0,150.0,
2010-0629-IND,Natural,Flood,Riverine flood,India,IND,Asia,Southern Asia,9.88,78.47,2010,11.0,203.0,,,22000.0
2010-0656-AUS,Natural,Flood,Riverine flood,Australia,AUS,Oceania,Australia and New Zealand,-24.77,147.63,2010,12.0,35.0,175000.0,175000.0,7300000.0
2010-0669-AFG,Natural,Earthquake,Ground movement,Afghanistan,AFG,Asia,Southern Asia,35.633,67.658,2010,4.0,11.0,,1070.0,
2011-0020-MYS,Natural,Flood,Riverine flood,Malaysia,MYS,Asia,South-eastern Asia,-4.05208,104.67,2011,1.0,2.0,20000.0,20000.0,
2011-0068-NZL,Natural,Earthquake,Ground movement,New Zealand,NZL,Oceania,Australia and New Zealand,-43.583,172.68,2011,2.0,181.0,300000.0,301500.0,15000000.0
2011-0080-AUS,Natural,Flood,Riverine flood,Australia,AUS,Oceania,Australia and New Zealand,-18.939,122.73,2011,3.0,,217.0,217.0,
2011-0081-NAM,Natural,Flood,Riverine flood,Namibia,NAM,Africa,Sub-Saharan Africa,-18.188,20.64,2011,3.0,108.0,500000.0,500000.0,12000.0
2011-0087-PHL,Natural,Flood,Riverine flood,Philippines,PHL,Asia,South-eastern Asia,8.104,125.091,2011,3.0,16.0,241776.0,241777.0,280.0
2011-0088-IDN,Natural,Flood,Riverine flood,Indonesia,IDN,Asia,South-eastern Asia,4.211,97.09,2011,3.0,21.0,750.0,750.0,
2011-0090-CHN,Natural,Earthquake,Ground movement,China,CHN,Asia,Eastern Asia,20.687,99.822,2011,3.0,,9496.0,9508.0,
2011-0209-ARG,Natural,Volcanic activity,Ash fall,Argentina,ARG,Americas,Latin America and the Caribbean,-40.59,-72.12,2011,6.0,,3000.0,3000.0,104000.0
2011-0209-CHL,Natural,Volcanic activity,Ash fall,Chile,CHL,Americas,Latin America and the Caribbean,-40.59,-72.12,2011,6.0,,3500.0,3500.0,
2011-0218-LAO,Natural,Flood,Riverine flood,Lao People's Democratic Republic,LAO,Asia,South-eastern Asia,19.3801,101.56,2011,6.0,14.0,37000.0,37000.0,
2011-0243-KGZ,Natural,Earthquake,Ground movement,Kyrgyzstan,KGZ,Asia,Central Asia,40.081,71.41,2011,7.0,,,,
2011-0243-TJK,Natural,Earthquake,Ground movement,Tajikistan,TJK,Asia,Central Asia,40.081,71.41,2011,7.0,,,,
2011-0262-BGD,Natural,Flood,Flash flood,Bangladesh,BGD,Asia,Southern Asia,22.564,89.05,2011,7.0,10.0,1570559.0,1570559.0,
2011-0327-IND,Natural,Flood,Riverine flood,India,IND,Asia,Southern Asia,22.306,88.34,2011,8.0,47.0,700000.0,700000.0,275000.0
2011-0328-USA,Natural,Storm,Tropical cyclone,United States of America,USA,Americas,Northern America,40.186,-70.06,2011,8.0,46.0,370000.0,370000.0,7300000.0
2011-0351-NPL,Natural,Earthquake,Ground movement,Nepal,NPL,Asia,Southern Asia,27.73,88.155,2011,9.0,7.0,167860.0,167949.0,
2011-0371-IND,Natural,Flood,Riverine flood,India,IND,Asia,Southern Asia,20.651,86.0,2011,9.0,239.0,3443989.0,3443989.0,930000.0
2011-0397-TUR,Natural,Earthquake,Ground movement,Türkiye,TUR,Asia,Western Asia,38.721,43.508,2011,10.0,604.0,6786.0,32938.0,1500000.0
2011-0416-ITA,Natural,Flood,Flash flood,Italy,ITA,Europe,Southern Europe,44.422,9.33,2011,10.0,10.0,,,545000.0
2011-0421-CHN,Natural,Flood,Riverine flood,China,CHN,Asia,Eastern Asia,37.417,109.53,2011,8.0,22.0,3800000.0,3800000.0,
2011-0423-KEN,Natural,Flood,Riverine flood,Kenya,KEN,Africa,Sub-Saharan Africa,0.1257,35.57,2011,8.0,8.0,4000.0,4000.0,
2011-0469-PHL,Natural,Flood,Flash flood,Philippines,PHL,Asia,South-eastern Asia,8.085,125.93,2011,11.0,,8610.0,8610.0,178881.0
2011-0506-IDN,Natural,Volcanic activity,Ash fall,Indonesia,IDN,Asia,South-eastern Asia,1.358333,124.79,2011,7.0,,,6000.0,
2012-0029-AUS,Natural,Flood,Riverine flood,Australia,AUS,Oceania,Australia and New Zealand,-21.71,146.64,2012,1.0,2.0,13000.0,13000.0,225000.0
2011-0575-IDN,Natural,Flood,Riverine flood,Indonesia,IDN,Asia,South-eastern Asia,-4.39,137.83,2011,4.0,18.0,3000.0,3000.0,
2011-0619-VEN,Natural,Flood,Flash flood,Venezuela (Bolivarian Republic of),VEN,Americas,Latin America and the Caribbean,7.677,-64.77,2011,4.0,9.0,,,
2012-0075-BRA,Natural,Flood,Riverine flood,Brazil,BRA,Americas,Latin America and the Caribbean,-10.4897,-67.99,2012,2.0,3.0,80500.0,89000.0,
2012-0097-IDN,Natural,Earthquake,Ground movement,Indonesia,IDN,Asia,South-eastern Asia,2.327,93.063,2012,4.0,7.0,,107.0,
2012-0130-RWA,Natural,Flood,Riverine flood,Rwanda,RWA,Africa,Sub-Saharan Africa,-1.40095,29.36,2012,4.0,5.0,11160.0,11160.0,
2012-0165-GEO,Natural,Flood,Flash flood,Georgia,GEO,Asia,Western Asia,42.0681,44.52,2012,5.0,5.0,100000.0,100018.0,3000.0
2012-0177-USA,Natural,Flood,Riverine flood,United States of America,USA,Americas,Northern America,30.3632,-58.51,2012,6.0,2.0,300.0,300.0,174000.0
2012-0183-AFG,Natural,Flood,Riverine flood,Afghanistan,AFG,Asia,Southern Asia,37.0528,70.0,2012,5.0,20.0,,,
2012-0190-CHN,Natural,Earthquake,Ground movement,China,CHN,Asia,Eastern Asia,27.767,100.781,2012,6.0,4.0,33840.0,34234.0,300000.0
2012-0414-PRK,Natural,Storm,Tropical cyclone,Democratic People's Republic of Korea,PRK,Asia,Eastern Asia,38.19,126.24,2012,8.0,59.0,10960.0,44461.0,
2012-0446-GBR,Natural,Flood,Riverine flood,United Kingdom of Great Britain and Northern Ireland,GBR,Europe,Northern Europe,54.04,-2.13,2012,9.0,3.0,1710.0,1710.0,81000.0
2012-0466-ITA,Natural,Flood,Riverine flood,Italy,ITA,Europe,Southern Europe,43.1605,12.41,2012,11.0,6.0,20000.0,20000.0,15000.0
2012-0472-SOM,Natural,Flood,Riverine flood,Somalia,SOM,Africa,Sub-Saharan Africa,4.94,44.89,2012,11.0,6.0,12200.0,12200.0,
2012-0473-SSD,Natural,Flood,Riverine flood,South Sudan,SSD,Africa,Sub-Saharan Africa,9.56,29.58,2012,9.0,15.0,3000.0,3000.0,
2012-0477-CHN,Natural,Flood,Riverine flood,China,CHN,Asia,Eastern Asia,31.41,113.04,2012,7.0,58.0,140000.0,140000.0,600000.0
2012-0552-GBR,Natural,Flood,Riverine flood,United Kingdom of Great Britain and Northern Ireland,GBR,Europe,Northern Europe,53.45,-1.19,2012,11.0,4.0,1700.0,1700.0,1630000.0
2013-0007-IDN,Natural,Flood,Riverine flood,Indonesia,IDN,Asia,South-eastern Asia,-6.17945,106.73,2013,1.0,34.0,248846.0,248846.0,3000000.0
2013-0061-MKD,Natural,Flood,Riverine flood,North Macedonia,MKD,Europe,Southern Europe,42.0408,21.58,2013,2.0,1.0,4864.0,4864.0,
2013-0098-IRN,Natural,Earthquake,Ground movement,Iran (Islamic Republic of),IRN,Asia,Southern Asia,28.428,51.593,2013,4.0,37.0,3500.0,4350.0,600000.0
2013-0099-IRN,Natural,Earthquake,Ground movement,Iran (Islamic Republic of),IRN,Asia,Southern Asia,28.033,61.996,2013,4.0,,,27.0,
2013-0206-TWN,Natural,Earthquake,Ground movement,Taiwan (Province of China),TWN,Asia,Eastern Asia,23.789,121.141,2013,6.0,4.0,1500.0,1519.0,1100.0
2013-0140-IND,Natural,Earthquake,Ground movement,India,IND,Asia,Southern Asia,33.061,75.863,2013,5.0,3.0,59280.0,59350.0,120000.0
2013-0274-PHL,Natural,Flood,Riverine flood,Philippines,PHL,Asia,South-eastern Asia,16.3191,121.14,2013,8.0,31.0,3096392.0,3096422.0,2190000.0
2013-0192-IND,Natural,Flood,Riverine flood,India,IND,Asia,Southern Asia,32.714,76.61,2013,6.0,6054.0,500000.0,504473.0,1100000.0
2013-0261-CHN,Natural,Storm,Tropical cyclone,China,CHN,Asia,Eastern Asia,25.8633,118.14,2013,7.0,1.0,3000.0,3000.0,253000.0
2013-0272-CHN,Natural,Storm,Tropical cyclone,China,CHN,Asia,Eastern Asia,22.7696,113.69,2013,8.0,88.0,8000000.0,8000000.0,2120000.0
2013-0277-USA,Natural,Flood,Riverine flood,United States of America,USA,Americas,Northern America,38.2138,-94.15,2013,8.0,3.0,6000.0,6000.0,25000.0
2013-0293-ALB,Natural,Flood,Riverine flood,Albania,ALB,Europe,Southern Europe,42.0043,19.62,2013,3.0,,2800.0,2800.0,
2013-0305-KEN,Natural,Flood,Riverine flood,Kenya,KEN,Africa,Sub-Saharan Africa,0.058024,36.52,2013,1.0,18.0,10780.0,10780.0,
2013-0510-USA,Natural,Flood,Riverine flood,United States of America,USA,Americas,Northern America,30.66,-96.01,2013,10.0,4.0,4800.0,4800.0,
2013-0347-ROU,Natural,Flood,Riverine flood,Romania,ROU,Europe,Eastern Europe,45.749,27.553,2013,9.0,9.0,6901.0,6901.0,11000.0
2013-0354-USA,Natural,Flood,Riverine flood,United States of America,USA,Americas,Northern America,38.002,-105.143,2013,9.0,9.0,16500.0,21900.0,1900000.0
2013-0431-THA,Natural,Flood,Riverine flood,Thailand,THA,Asia,South-eastern Asia,13.082,101.694,2013,9.0,61.0,3500000.0,3500000.0,482000.0
2013-0516-IRN,Natural,Earthquake,Ground movement,Iran (Islamic Republic of),IRN,Asia,Southern Asia,29.32,51.31,2013,11.0,8.0,,1620.0,
2013-0541-IDN,Natural,Flood,Riverine flood,Indonesia,IDN,Asia,South-eastern Asia,4.48013,97.29,2013,12.0,,22500.0,22500.0,2000.0
2013-0558-USA,Natural,Flood,Riverine flood,United States of America,USA,Americas,Northern America,37.5597,-86.79,2013,12.0,5.0,,,
2014-0035-BOL,Natural,Mass movement (wet),Landslide (wet),Bolivia (Plurinational State of),BOL,Americas,Latin America and the Caribbean,-13.3888,-64.01,2014,1.0,74.0,6600.0,11400.0,200000.0
2014-0044-IDN,Natural,Volcanic activity,Ash fall,Indonesia,IDN,Asia,South-eastern Asia,3.17,98.392,2014,2.0,32.0,32000.0,32002.0,83000.0
2014-0054-IRN,Natural,Earthquake,Ground movement,Iran (Islamic Republic of),IRN,Asia,Southern Asia,27.1502,54.4482,2014,1.0,1.0,300.0,330.0,2000.0
2014-0063-BDI,Natural,Flood,Flash flood,Burundi,BDI,Africa,Sub-Saharan Africa,-4.14041,29.65,2014,2.0,96.0,,12682.0,2000.0
2014-0174-GRC,Natural,Earthquake,Ground movement,Greece,GRC,Europe,Southern Europe,40.2893,25.3889,2014,5.0,3.0,75000.0,75002.0,450000.0
2014-0173-CHN,Natural,Earthquake,Ground movement,China,CHN,Asia,Eastern Asia,24.974,97.844,2014,5.0,,225000.0,225015.0,60000.0
2014-0298-DZA,Natural,Earthquake,Ground movement,Algeria,DZA,Africa,Northern Africa,36.8561,3.181,2014,8.0,6.0,,420.0,
2014-0311-ZAF,Natural,Earthquake,Ground movement,South Africa,ZAF,Africa,Sub-Saharan Africa,-26.9899,26.7048,2014,8.0,1.0,2000.0,2002.0,
2014-0464-CHN,Natural,Earthquake,Ground movement,China,CHN,Asia,Eastern Asia,30.3398,101.7374,2014,11.0,5.0,82200.0,82355.0,50000.0
2014-0449-CHN,Natural,Earthquake,Ground movement,China,CHN,Asia,Eastern Asia,23.3834,100.4702,2014,10.0,1.0,255000.0,255324.0,274000.0
2014-0544-CHN,Natural,Earthquake,Ground movement,China,CHN,Asia,Eastern Asia,23.3577,100.533,2014,12.0,1.0,,2022.0,
2015-0107-IND,Natural,Flood,Flash flood,India,IND,Asia,Southern Asia,33.1767,76.41,2015,3.0,44.0,,2122.0,76000.0
2015-0125-CHN,Natural,Earthquake,Ground movement,China,CHN,Asia,Eastern Asia,23.566,98.854,2015,3.0,,,2032.0,15000.0
2015-0144-BGD,Natural,Earthquake,Ground movement,Bangladesh,BGD,Asia,Southern Asia,28.2305,84.7314,2015,4.0,4.0,,200.0,
2015-0144-CHN,Natural,Earthquake,Ground movement,China,CHN,Asia,Eastern Asia,28.2305,84.7314,2015,4.0,29.0,200000.0,207883.0,
2015-0144-IND,Natural,Earthquake,Ground movement,India,IND,Asia,Southern Asia,28.2305,84.7314,2015,4.0,78.0,,560.0,
2015-0144-NPL,Natural,Earthquake,Ground movement,Nepal,NPL,Asia,Southern Asia,28.23,84.731,2015,4.0,8831.0,5621790.0,5639722.0,5174000.0
2015-0159-KEN,Natural,Flood,Riverine flood,Kenya,KEN,Africa,Sub-Saharan Africa,-0.795,36.25,2015,4.0,13.0,3000.0,3000.0,
2015-0175-NPL,Natural,Earthquake,Ground movement,Nepal,NPL,Asia,Southern Asia,27.8087,86.0655,2015,5.0,138.0,,2428.0,
2015-0204-CHL,Natural,Flood,Flood (General),Chile,CHL,Americas,Latin America and the Caribbean,-44.1033,-72.92,2015,5.0,,100.0,116.0,
2015-0207-IND,Natural,Flood,Flash flood,India,IND,Asia,Southern Asia,10.7121,79.18,2015,5.0,8.0,200.0,200.0,
2015-0212-USA,Natural,Flood,Flash flood,United States of America,USA,Americas,Northern America,34.1936,-97.99,2015,5.0,32.0,12000.0,12000.0,2700000.0
2015-0227-GEO,Natural,Flood,Flash flood,Georgia,GEO,Asia,Western Asia,42.0683,44.54,2015,6.0,40.0,10320.0,10320.0,23000.0
2015-0217-GHA,Natural,Flood,Flood (General),Ghana,GHA,Africa,Sub-Saharan Africa,7.38005,-0.55,2015,6.0,25.0,,5000.0,12000.0
2015-0226-IND,Natural,Mass movement (wet),Landslide (wet),India,IND,Asia,Southern Asia,26.9195,93.87,2015,6.0,3.0,9000.0,9000.0,
2015-0237-CRI,Natural,Flood,Riverine flood,Costa Rica,CRI,Americas,Latin America and the Caribbean,10.1743,-83.83,2015,6.0,,9666.0,9666.0,
2015-0284-PHL,Natural,Flood,Flood (General),Philippines,PHL,Asia,South-eastern Asia,15.5509,120.8,2015,7.0,4.0,3000.0,3000.0,
2015-0308-MMR,Natural,Flood,Riverine flood,Myanmar,MMR,Asia,South-eastern Asia,20.175,95.53,2015,7.0,149.0,1621703.0,1621703.0,119000.0
2015-0313-GUY,Natural,Flood,Coastal flood,Guyana,GUY,Americas,Latin America and the Caribbean,6.66576,-58.74,2015,7.0,,199000.0,199000.0,
2015-0336-COD,Natural,Earthquake,Ground movement,Democratic Republic of the Congo,COD,Africa,Sub-Saharan Africa,-2.091,28.952,2015,8.0,3.0,260.0,390.0,
2015-0374-IND,Natural,Flood,Flood (General),India,IND,Asia,Southern Asia,26.8946,93.75,2015,8.0,5.0,18000.0,18000.0,
2015-0435-CHL,Natural,Earthquake,Tsunami,Chile,CHL,Americas,Latin America and the Caribbean,-31.5729,-71.6744,2015,9.0,19.0,681484.0,681499.0,800000.0
2015-0528-TJK,Natural,Earthquake,Ground movement,Tajikistan,TJK,Asia,Central Asia,38.211,72.78,2015,12.0,2.0,7962.0,7976.0,5000.0
2015-0542-ALB,Natural,Flood,Riverine flood,Albania,ALB,Europe,Southern Europe,41.287,19.966,2015,11.0,1.0,300.0,300.0,
2015-0608-TLS,Natural,Earthquake,Ground movement,Timor-Leste,TLS,Asia,South-eastern Asia,-8.3381,124.8754,2015,11.0,,,2003.0,4000.0
2016-0002-IND,Natural,Earthquake,Ground movement,India,IND,Asia,Southern Asia,24.804,93.65,2016,1.0,8.0,10500.0,10808.0,75000.0
2016-0107-JPN,Natural,Earthquake,Ground movement,Japan,JPN,Asia,Eastern Asia,32.788,130.7,2016,4.0,9.0,120000.0,120800.0,
2016-0112-PAK,Natural,Flood,Flash flood,Pakistan,PAK,Asia,Southern Asia,33.054,71.779,2016,4.0,92.0,,77.0,
2016-0179-DEU,Natural,Flood,Riverine flood,Germany,DEU,Europe,Western Europe,48.407,10.22,2016,5.0,7.0,,,2000000.0
2016-0151-ECU,Natural,Earthquake,Ground movement,Ecuador,ECU,Americas,Latin America and the Caribbean,0.495,-79.62,2016,5.0,1.0,60.0,147.0,
2016-0203-USA,Natural,Storm,Storm (General),United States of America,USA,Americas,Northern America,38.945,-80.555,2016,6.0,25.0,2000.0,2000.0,1000000.0
2016-0236-CHN,Natural,Flood,Flood (General),China,CHN,Asia,Eastern Asia,24.753,112.952,2016,6.0,68.0,165000.0,165000.0,3000000.0
2016-0240-PAK,Natural,Flood,Flash flood,Pakistan,PAK,Asia,Southern Asia,36.104,72.793,2016,7.0,46.0,235.0,410.0,
2016-0241-CHN,Natural,Flood,Flood (General),China,CHN,Asia,Eastern Asia,27.976,114.24,2016,6.0,289.0,60000000.0,60000000.0,22000000.0
2016-0244-TZA,Natural,Flood,Flood (General),United Republic of Tanzania,TZA,Africa,Sub-Saharan Africa,-6.894,36.0,2016,4.0,13.0,14000.0,27933.0,
2016-0247-AGO,Natural,Flood,Flood (General),Angola,AGO,Africa,Sub-Saharan Africa,-11.594,16.056,2016,3.0,30.0,1544.0,1544.0,
2016-0251-TJK,Natural,Earthquake,Ground movement,Tajikistan,TJK,Asia,Central Asia,38.883,70.626,2016,7.0,,155.0,155.0,
2016-0288-BGD,Natural,Flood,Riverine flood,Bangladesh,BGD,Asia,Southern Asia,24.095,90.04,2016,7.0,106.0,1900000.0,1900000.0,150000.0
2016-0425-IDN,Natural,Flood,Flood (General),Indonesia,IDN,Asia,South-eastern Asia,0.649,123.245,2016,10.0,2.0,4500.0,4500.0,
2016-0341-KOR,Natural,Earthquake,Ground movement,Republic of Korea,KOR,Asia,Eastern Asia,35.781,129.216,2016,9.0,,29800.0,29832.0,21000.0
2016-0357-ITA,Natural,Earthquake,Ground movement,Italy,ITA,Europe,Southern Europe,42.934,13.043,2016,10.0,1.0,3003.0,3027.0,200000.0
2016-0358-ITA,Natural,Earthquake,Ground movement,Italy,ITA,Europe,Southern Europe,42.855,13.088,2016,10.0,,22272.0,22292.0,200000.0
2016-0360-THA,Natural,Flood,Flood (General),Thailand,THA,Asia,South-eastern Asia,14.867,100.395,2016,10.0,4.0,204000.0,204000.0,120000.0
2016-0423-DOM,Natural,Flood,Riverine flood,Dominican Republic,DOM,Americas,Latin America and the Caribbean,18.92,-70.125,2016,11.0,15.0,2792000.0,2792000.0,
2016-0426-ROU,Natural,Flood,Riverine flood,Romania,ROU,Europe,Eastern Europe,45.151,27.562,2016,10.0,1.0,300.0,300.0,
2016-0427-UKR,Natural,Flood,Flood (General),Ukraine,UKR,Europe,Eastern Europe,47.256,31.348,2016,10.0,3.0,200.0,200.0,
2016-0428-AUS,Natural,Flood,Flood (General),Australia,AUS,Oceania,Australia and New Zealand,-33.277,139.898,2016,9.0,1.0,280.0,280.0,25000.0
2016-0483-SLB,Natural,Earthquake,Ground movement,Solomon Islands,SLB,Oceania,Melanesia,-10.676,161.33,2016,12.0,,9769.0,9770.0,
2016-0489-MYS,Natural,Flood,Flood (General),Malaysia,MYS,Asia,South-eastern Asia,5.122,102.56,2016,11.0,,400.0,400.0,
2017-0124-CHN,Natural,Earthquake,Ground movement,China,CHN,Asia,Eastern Asia,37.643,75.31,2017,5.0,8.0,,7623.0,123000.0
2017-0050-PHL,Natural,Earthquake,Ground movement,Philippines,PHL,Asia,South-eastern Asia,9.907,125.452,2017,2.0,8.0,16655.0,16857.0,13974.0
2017-0140-PHL,Natural,Earthquake,Ground movement,Philippines,PHL,Asia,South-eastern Asia,13.77,120.935,2017,4.0,,25000.0,25000.0,2000.0
2017-0169-TWN,Natural,Flood,Riverine flood,Taiwan (Province of China),TWN,Asia,Eastern Asia,24.302,121.216,2017,5.0,5.0,4000.0,4074.0,28100.0
2017-0373-IRL,Natural,Flood,Flash flood,Ireland,IRL,Europe,Northern Europe,54.367,-7.747,2017,8.0,,200.0,200.0,
2017-0182-GRC,Natural,Earthquake,Ground movement,Greece,GRC,Europe,Southern Europe,38.915,26.371,2017,6.0,1.0,720.0,731.0,
2017-0220-KAZ,Natural,Flood,Riverine flood,Kazakhstan,KAZ,Asia,Central Asia,51.254,70.047,2017,4.0,,7000.0,7000.0,
2017-0221-ARG,Natural,Flood,Flood (General),Argentina,ARG,Americas,Latin America and the Caribbean,-45.953,-67.939,2017,4.0,1.0,9000.0,9000.0,
2017-0247-PHL,Natural,Earthquake,Ground movement,Philippines,PHL,Asia,South-eastern Asia,11.111,124.619,2017,7.0,3.0,16052.0,16500.0,4364.0
2018-0112-BRA,Natural,Flood,Flood (General),Brazil,BRA,Americas,Latin America and the Caribbean,-24.206,-48.623,2018,3.0,3.0,1000.0,1000.0,43000.0
2017-0349-ITA,Natural,Earthquake,Ground movement,Italy,ITA,Europe,Southern Europe,40.783,13.939,2017,8.0,2.0,2600.0,2642.0,
2017-0378-NGA,Natural,Flood,Flood (General),Nigeria,NGA,Africa,Sub-Saharan Africa,8.169,9.45,2017,8.0,,10000.0,10000.0,
2018-0128-ISR,Natural,Flood,Flash flood,Israel,ISR,Asia,Western Asia,31.164,34.861,2018,4.0,12.0,,,
2017-0530-IDN,Natural,Earthquake,Ground movement,Indonesia,IDN,Asia,South-eastern Asia,-7.492,108.174,2017,12.0,4.0,8859.0,8895.0,
2017-0477-MYS,Natural,Flood,Flood (General),Malaysia,MYS,Asia,South-eastern Asia,5.247,101.026,2017,11.0,7.0,3500.0,3500.0,
2017-0498-MEX,Natural,Flood,Riverine flood,Mexico,MEX,Americas,Latin America and the Caribbean,23.917,-98.308,2017,9.0,2.0,800.0,800.0,
2017-0521-IRN,Natural,Earthquake,Ground movement,Iran (Islamic Republic of),IRN,Asia,Southern Asia,35.649,50.962,2017,12.0,2.0,,120.0,
2017-0544-ITA,Natural,Flood,Riverine flood,Italy,ITA,Europe,Southern Europe,45.457,105.881,2017,12.0,1.0,1000.0,1000.0,125000.0
2018-0037-FRA,Natural,Flood,Riverine flood,France,FRA,Europe,Western Europe,48.511,1.606,2018,1.0,,2750.0,2750.0,372000.0
2019-0096-CHN,Natural,Earthquake,Ground movement,China,CHN,Asia,Eastern Asia,29.47,104.609,2019,2.0,2.0,32733.0,32772.0,2000.0
2018-0062-BOL,Natural,Flood,Flash flood,Bolivia (Plurinational State of),BOL,Americas,Latin America and the Caribbean,-14.405,-64.013,2018,2.0,6.0,12000.0,12186.0,
2018-0135-RWA,Natural,Flood,Flood (General),Rwanda,RWA,Africa,Sub-Saharan Africa,-1.784,30.012,2018,4.0,24.0,360.0,360.0,11000.0
2018-0158-BGD,Natural,Flood,Flood (General),Bangladesh,BGD,Asia,Southern Asia,23.226,92.13,2018,5.0,21.0,14000.0,14000.0,
2018-0160-CAN,Natural,Flood,Flood (General),Canada,CAN,Americas,Northern America,50.358,-119.241,2018,5.0,,4000.0,4000.0,
2018-0162-DZA,Natural,Flood,Flash flood,Algeria,DZA,Africa,Northern Africa,33.907,3.215,2018,4.0,6.0,200.0,200.0,
2018-0163-BDI,Natural,Flood,Flood (General),Burundi,BDI,Africa,Sub-Saharan Africa,-4.015,29.641,2018,4.0,,23000.0,23000.0,
2018-0165-ROU,Natural,Flood,Flood (General),Romania,ROU,Europe,Eastern Europe,45.946,24.989,2018,3.0,,2300.0,2300.0,
2018-0167-KAZ,Natural,Flood,Flood (General),Kazakhstan,KAZ,Asia,Central Asia,47.381,81.478,2018,3.0,,400.0,400.0,
2018-0218-DOM,Natural,Flood,Flood (General),Dominican Republic,DOM,Americas,Latin America and the Caribbean,19.018,-69.704,2018,7.0,,7390.0,7390.0,
2018-0255-MMR,Natural,Flood,Flood (General),Myanmar,MMR,Asia,South-eastern Asia,18.191,95.434,2018,7.0,16.0,109650.0,109650.0,
2018-0321-SLV,Natural,Earthquake,Ground movement,El Salvador,SLV,Americas,Latin America and the Caribbean,13.104,-88.062,2018,5.0,,2499.0,2500.0,
2018-0384-LKA,Natural,Flood,Flood (General),Sri Lanka,LKA,Asia,Southern Asia,6.806,80.637,2018,10.0,12.0,75000.0,75000.0,
2018-0387-SDN,Natural,Flood,Flash flood,Sudan,SDN,Africa,Northern Africa,13.487,31.942,2018,8.0,23.0,70000.0,70060.0,
2019-0023-CHL,Natural,Earthquake,Ground movement,Chile,CHL,Americas,Latin America and the Caribbean,-30.074,-71.423,2019,1.0,2.0,780.0,780.0,
2019-0033-SAU,Natural,Flood,Flood (General),Saudi Arabia,SAU,Asia,Western Asia,26.674,41.295,2019,1.0,12.0,271.0,271.0,
2019-0109-IDN,Natural,Earthquake,Ground movement,Indonesia,IDN,Asia,South-eastern Asia,-8.418,116.521,2019,3.0,6.0,22280.0,22462.0,
2019-0219-MNG,Natural,Flood,Flood (General),Mongolia,MNG,Asia,Eastern Asia,47.204,111.071,2019,6.0,12.0,500.0,500.0,
2019-0224-LBY,Natural,Flood,Flood (General),Libya,LBY,Africa,Northern Africa,24.555,12.691,2019,5.0,4.0,20000.0,20030.0,7100.0
2019-0233-SLV,Natural,Earthquake,Ground movement,El Salvador,SLV,Americas,Latin America and the Caribbean,13.243,-89.272,2019,5.0,1.0,160.0,160.0,
2019-0243-PER,Natural,Earthquake,Ground movement,Peru,PER,Americas,Latin America and the Caribbean,-5.812,-75.27,2019,5.0,2.0,4257.0,4272.0,
2019-0252-SAU,Natural,Flood,Flood (General),Saudi Arabia,SAU,Asia,Western Asia,18.54,45.254,2019,5.0,1.0,36.0,36.0,
2019-0259-CHN,Natural,Earthquake,Ground movement,China,CHN,Asia,Eastern Asia,28.405,104.957,2019,6.0,13.0,244000.0,244220.0,1300000.0
2019-0274-TUR,Natural,Flood,Flash flood,Türkiye,TUR,Asia,Western Asia,40.706,41.047,2019,6.0,10.0,70.0,70.0,
2019-0287-BIH,Natural,Flood,Flash flood,Bosnia and Herzegovina,BIH,Europe,Southern Europe,44.089,19.298,2019,6.0,,159.0,159.0,
2019-0294-RUS,Natural,Flood,Flood (General),Russian Federation,RUS,Europe,Eastern Europe,58.911,102.485,2019,6.0,31.0,33000.0,33190.0,460000.0
2019-0356-PHL,Natural,Earthquake,Ground movement,Philippines,PHL,Asia,South-eastern Asia,9.328,126.043,2019,7.0,,9525.0,9577.0,
2019-0409-JPN,Natural,Flood,Flood (General),Japan,JPN,Asia,Eastern Asia,32.951,130.545,2019,8.0,1.0,300.0,302.0,100000.0
2019-0413-ESP,Natural,Flood,Riverine flood,Spain,ESP,Europe,Southern Europe,38.05,-1.091,2019,9.0,7.0,3500.0,3500.0,2500000.0
2019-0520-CHN,Natural,Earthquake,Ground movement,China,CHN,Asia,Eastern Asia,29.53,104.931,2019,9.0,1.0,15123.0,15582.0,
2019-0460-PAK,Natural,Earthquake,Ground movement,Pakistan,PAK,Asia,Southern Asia,33.106,73.766,2019,9.0,39.0,129652.0,130398.0,17000.0
2019-0475-ECU,Natural,Earthquake,Ground movement,Ecuador,ECU,Americas,Latin America and the Caribbean,-2.199,-77.023,2019,2.0,,225.0,249.0,
2019-0500-KEN,Natural,Flood,Flash flood,Kenya,KEN,Africa,Sub-Saharan Africa,0.728,39.414,2019,10.0,90.0,233339.0,233339.0,
2019-0526-SEN,Natural,Flood,Flood (General),Senegal,SEN,Africa,Sub-Saharan Africa,15.52,-15.516,2019,9.0,6.0,8919.0,8968.0,
2019-0529-PHL,Natural,Earthquake,Ground movement,Philippines,PHL,Asia,South-eastern Asia,6.905,125.187,2019,10.0,23.0,260286.0,260703.0,
